participant_id,age,gender,device_type,experience_level,task_success,completion_time_s,sus_q1,sus_q2,sus_q3,sus_q4,sus_q5,sus_q6,sus_q7,sus_q8,sus_q9,sus_q10,ueq_attractiveness,ueq_efficiency,ueq_perspicuity,nasa_tlx_mental,nasa_tlx_temporal,nasa_tlx_frustration,trust_score,ease_of_use,willingness_to_reuse,attention_check_passed,sus_score
P0002,23.0,F,Android,Intermediate,1.0,164.0930726807906,3.0,4.0,3.0,3.0,3.0,5.0,4.0,4.0,3.0,4.0,5.0,6.0,5.0,7.445770454591829,7.20574601628557,3.950067875759795,5.907877601893576,6.48825973313746,4.5765290752704075,1.0,40.0
P0003,36.0,M,Desktop,Intermediate,1.0,39.92364010346109,3.0,4.0,4.0,2.0,5.0,5.0,4.0,5.0,1.0,4.0,6.0,5.0,7.0,13.4218649317706,9.567593150172158,3.950067875759795,6.707820849237694,5.860594121351487,5.743488972588786,1.0,42.5
P0004,21.0,F,iOS,Intermediate,0.0,8.817077054996911,3.0,4.0,4.0,4.0,5.0,4.0,5.0,4.0,4.0,4.0,6.0,3.0,6.0,21.0,12.944852346738346,8.585566320059883,2.0374054744970533,5.475658789060619,5.293785291723754,1.0,52.5
P0005,29.0,M,iOS,Beginner,1.0,173.85776149055346,5.0,5.0,5.0,1.0,1.0,3.0,5.0,3.0,5.0,5.0,7.0,5.0,7.0,10.455472259444177,7.975377039333274,3.950067875759795,5.907877601893576,6.209295359122695,5.7562586572741195,1.0,60.0
P0006,38.0,F,iOS,Intermediate,1.0,16.68674000362888,3.0,4.0,4.0,1.0,4.0,3.0,3.0,3.0,3.0,1.0,4.0,3.0,6.0,9.822850764203553,6.225443326933882,3.950067875759795,6.112530205186131,5.234915881007903,4.849899038823811,1.0,62.5
P0007,29.0,F,iOS,Intermediate,1.0,66.69156581636491,4.0,5.0,4.0,1.0,3.0,5.0,4.0,2.0,3.0,4.0,7.0,5.0,6.0,5.348097053333492,7.855918575559402,1.204274954244699,5.7196347968559085,5.96336099108998,4.1856761414776,1.0,52.5
P0008,37.0,M,Android,Unknown,1.0,168.95007367726836,5.0,5.0,4.0,5.0,4.0,4.0,5.0,5.0,3.0,5.0,5.0,4.0,5.0,21.0,10.725330396113682,3.950067875759795,5.907877601893576,5.702839420361624,6.1086602753550565,1.0,42.5
P0010,30.0,F,Desktop,Advanced,1.0,91.22578412685222,5.0,4.0,3.0,4.0,4.0,4.0,5.0,4.0,2.0,4.0,5.0,3.0,5.0,7.642542445393354,7.543462239094375,9.841490588455686,6.646515033106784,6.975025867453347,4.256481895683968,1.0,47.5
P0011,40.0,M,iOS,Advanced,1.0,219.77071261885828,3.0,4.0,1.0,5.0,4.0,4.0,2.0,5.0,3.0,1.0,4.0,5.0,5.0,4.696090670053254,11.854495353553997,3.950067875759795,6.930290597578983,6.051718756936976,4.828523246043945,1.0,35.0
P0012,42.0,F,Desktop,Beginner,1.0,122.62894443759176,3.0,4.0,3.0,4.0,5.0,4.0,4.0,4.0,4.0,5.0,5.0,6.0,6.0,21.0,9.81993447646094,14.859893485943095,6.470004453979761,5.12680428934165,5.26238335732923,1.0,45.0
P0013,26.0,F,iOS,Intermediate,0.0,60.7251101126036,5.0,5.0,5.0,5.0,3.0,5.0,4.0,4.0,3.0,5.0,5.0,4.0,5.0,5.660955773820611,17.764742778557412,1.49933227819903,4.948603306361002,6.0967998642767975,5.386530718691828,1.0,40.0
P0014,35.0,F,iOS,Unknown,0.0,74.36539671195354,4.0,4.0,5.0,4.0,4.0,2.0,2.0,2.0,3.0,4.0,7.0,5.0,5.0,9.089041275336726,10.129335073168786,0.5111971515526627,3.5284643118039796,4.970538343499779,4.112677886794293,1.0,55.0
P0015,46.0,F,Android,Beginner,1.0,66.99720873304868,1.0,5.0,5.0,5.0,3.0,5.0,5.0,2.0,3.0,5.0,4.0,6.0,5.0,6.382925411297689,12.40640811991454,3.950067875759795,5.907877601893576,5.46179750082569,4.147770344973474,1.0,37.5
P0016,27.0,F,Android,Beginner,1.0,64.53752363646635,3.0,1.0,5.0,4.0,3.0,4.0,2.0,5.0,5.0,4.0,5.0,6.0,7.0,18.91305493493177,11.417053751380015,11.041918412536813,5.002402264196247,5.105689279196286,4.282878873862881,1.0,50.0
P0017,39.0,M,Desktop,Beginner,1.0,20.84468948459646,4.0,4.0,4.0,5.0,2.0,5.0,4.0,4.0,5.0,4.0,5.0,3.0,5.0,9.836102598858824,17.359389529576088,3.950067875759795,4.96797662484377,6.636322766026407,3.508727152939234,1.0,42.5
P0018,29.0,F,iOS,Beginner,1.0,54.540679615981205,5.0,3.0,4.0,2.0,4.0,4.0,4.0,3.0,5.0,4.0,5.0,4.0,4.0,12.262310458046551,5.187346884606413,9.526925680192326,6.61098509686207,6.176125591756417,5.443612540869127,1.0,65.0
P0019,52.0,M,Android,Unknown,1.0,25.10688241875456,3.0,5.0,5.0,3.0,2.0,4.0,5.0,4.0,1.0,4.0,5.0,5.0,5.0,15.453486299117218,5.048867879694671,3.950067875759795,5.885300920982953,4.979291085765151,4.854585505228342,1.0,40.0
P0020,52.0,F,Android,Beginner,1.0,77.13967025271695,4.0,3.0,4.0,5.0,5.0,3.0,2.0,4.0,3.0,1.0,5.0,5.0,7.0,14.98467070082517,5.127464459047004,3.950067875759795,6.255996343179436,6.672640439683832,3.645596734996698,1.0,55.0
P0022,25.0,F,Desktop,Beginner,1.0,37.65907228881572,3.0,3.0,5.0,4.0,5.0,5.0,3.0,4.0,2.0,4.0,6.0,6.0,6.0,21.0,20.258846398424332,3.950067875759795,6.445122306271276,6.498323147025667,4.037655021846529,1.0,45.0
P_MISSING_0002,36.0,M,Unknown,Intermediate,1.0,30.11662418286331,5.0,2.0,3.0,3.0,5.0,4.0,5.0,4.0,4.0,4.0,3.0,3.0,5.0,1.711107925291779,7.080894969484467,0.0517179837527193,6.027599368314967,5.395733654476668,4.02944572916032,1.0,62.5
P0024,55.0,F,iOS,Beginner,1.0,77.39910181256562,3.0,5.0,5.0,4.0,2.0,4.0,1.0,4.0,3.0,5.0,3.0,4.0,5.0,20.51131901249644,7.159512685631548,3.950067875759795,6.439218747223823,6.051718756936976,5.687126133437368,1.0,30.0
P0025,21.0,M,Android,Intermediate,1.0,69.10146075363768,5.0,2.0,4.0,5.0,3.0,5.0,3.0,4.0,4.0,4.0,5.0,3.0,6.0,7.806357760999129,12.110595172534834,1.1673505560056183,5.907877601893576,5.714628229858211,5.361945287445729,1.0,47.5
P0026,37.0,F,iOS,Beginner,0.0,65.21070048640019,5.0,4.0,5.0,4.0,3.0,3.0,5.0,3.0,3.0,5.0,5.0,6.0,5.0,21.0,17.622728622230543,13.111245650097253,4.791481611908424,4.523910970375243,4.6306668938959055,1.0,55.0
P0028,33.0,M,Desktop,Beginner,1.0,72.12387329449672,2.0,2.0,4.0,4.0,3.0,2.0,3.0,5.0,3.0,5.0,6.0,5.0,6.0,5.253408550154235,13.55892458169704,3.950067875759795,5.872938101628197,6.051718756936976,4.794434250262339,1.0,42.5
P0029,18.0,M,Unknown,Intermediate,1.0,178.54934748083377,4.0,4.0,4.0,3.0,4.0,1.0,4.0,5.0,5.0,3.0,4.0,6.0,4.0,3.9903480702699903,14.891289369069352,8.772840550952676,5.6892583123459275,6.315649638469678,5.679751128597028,1.0,62.5
P0030,18.0,F,Desktop,Advanced,1.0,167.75465319046114,4.0,3.0,4.0,5.0,4.0,5.0,5.0,4.0,2.0,5.0,5.0,5.0,7.0,13.159520458412,17.486208251999322,8.881073324892599,6.96983722277174,6.051718756936976,6.1319980439407935,1.0,42.5
P0031,36.0,M,Android,Intermediate,1.0,219.77071261885828,4.0,1.0,3.0,5.0,2.0,2.0,3.0,5.0,2.0,5.0,5.0,5.0,7.0,15.84010789664373,15.275099957350658,3.950067875759795,5.907877601893576,5.640566529435732,5.2454164383275135,1.0,40.0
P0033,50.0,F,Android,Intermediate,1.0,67.37603355525063,3.0,2.0,5.0,5.0,4.0,5.0,3.0,5.0,5.0,4.0,6.0,4.0,4.0,21.0,7.102584768471645,3.950067875759795,5.963511897916092,6.051718756936976,5.03408495150538,1.0,47.5
P0034,31.0,M,iOS,Advanced,1.0,219.77071261885828,5.0,5.0,5.0,1.0,4.0,1.0,4.0,4.0,3.0,3.0,5.0,7.0,6.0,4.904910102244707,10.117517024904654,3.950067875759795,5.907877601893576,6.973109922166431,5.149824595354516,1.0,67.5
P0035,22.0,M,iOS,Intermediate,1.0,34.27761053643142,4.0,2.0,1.0,4.0,4.0,5.0,3.0,4.0,5.0,2.0,6.0,6.0,6.0,6.200557760319383,19.779052491816294,3.5826241633507436,6.367253198654056,5.874886437932414,4.644971416001231,1.0,50.0
P0036,18.0,M,iOS,Intermediate,1.0,23.217279060490505,3.0,5.0,2.0,5.0,5.0,3.0,5.0,1.0,4.0,3.0,6.0,4.0,5.0,6.835162403355634,10.986397968188156,3.950067875759795,5.899100068111444,6.051718756936976,3.179783260121341,1.0,55.0
P0037,20.0,Prefer not to say,Android,Beginner,1.0,74.70560099936868,5.0,2.0,5.0,5.0,5.0,4.0,4.0,5.0,3.0,5.0,6.0,5.0,4.0,6.861135452918979,7.165841216089482,3.950067875759795,5.907877601893576,6.09291467590132,5.1429165684917235,1.0,52.5
P0038,26.0,F,iOS,Beginner,1.0,94.3959099125184,4.0,4.0,3.0,3.0,4.0,2.0,4.0,3.0,4.0,3.0,4.0,4.0,6.0,21.0,10.36889980725372,2.3403709315136556,6.911628524491313,6.051718756936976,3.2723776985306685,1.0,60.0
P0039,44.0,F,iOS,Beginner,1.0,48.86900141770042,4.0,4.0,4.0,5.0,4.0,2.0,3.0,1.0,4.0,4.0,5.0,5.0,4.0,21.0,4.708404878057493,3.950067875759795,3.749484923954755,6.324263332205605,4.735833446451849,1.0,57.5
P0040,40.0,F,Android,Intermediate,1.0,185.98959722716657,1.0,3.0,1.0,1.0,1.0,4.0,1.0,5.0,5.0,4.0,7.0,5.0,4.0,11.10302514730422,11.844083535006703,3.950067875759795,5.907877601893576,6.403520308584242,6.036261776122575,1.0,30.0
P0042,34.0,F,Android,Beginner,1.0,47.1716626986277,5.0,4.0,2.0,4.0,4.0,4.0,5.0,3.0,4.0,4.0,4.0,5.0,6.0,16.35980048389136,6.904550698790632,3.950067875759795,4.523546760684175,6.048272864349707,4.4346135559953055,1.0,52.5
P0043,26.0,F,iOS,Intermediate,1.0,19.297940150589632,5.0,2.0,5.0,3.0,3.0,4.0,3.0,2.0,4.0,4.0,4.0,5.0,7.0,20.000608268640175,17.588497993611284,3.950067875759795,5.185548222395203,6.5732652966338545,4.174992327443228,1.0,62.5
P0044,35.0,M,Android,Intermediate,1.0,219.77071261885828,3.0,4.0,5.0,5.0,4.0,1.0,3.0,4.0,5.0,3.0,6.0,4.0,6.0,19.85870036385824,7.147219361449158,2.2661681958148137,6.174031238599856,6.32902202941537,4.558517777011849,1.0,57.5
P0045,26.0,F,iOS,Beginner,1.0,45.91063747042341,4.0,5.0,5.0,5.0,3.0,3.0,4.0,5.0,4.0,4.0,5.0,6.0,6.0,21.0,8.651076041492013,3.950067875759795,6.507458806984533,6.051718756936976,4.8182292468203975,1.0,45.0
P0046,24.0,M,Android,Advanced,0.0,62.07916041909735,2.0,4.0,5.0,3.0,4.0,4.0,3.0,3.0,4.0,3.0,6.0,6.0,5.0,21.0,9.174272553001527,5.2851526156197455,3.237113183619054,5.235557653525995,5.273951341768916,1.0,52.5
P0048,32.0,M,iOS,Intermediate,1.0,74.15331692844869,4.0,4.0,4.0,3.0,4.0,2.0,4.0,4.0,4.0,3.0,5.0,4.0,6.0,16.50850163592787,8.266758821316238,3.950067875759795,6.468009894770017,6.051718756936976,5.484964949805492,1.0,60.0
P0049,24.0,F,iOS,Intermediate,1.0,137.57717761469084,4.0,2.0,2.0,2.0,3.0,4.0,5.0,4.0,4.0,4.0,4.0,5.0,5.0,19.629855890996737,9.62373234814694,3.7403693721014832,5.497335260108713,6.549616063632264,5.437705301542676,1.0,55.0
P_MISSING_0003,44.0,F,Desktop,Intermediate,1.0,20.965586944515284,5.0,5.0,3.0,5.0,5.0,4.0,4.0,4.0,4.0,4.0,4.0,5.0,3.0,5.031601850694171,6.333015599894463,16.0,5.907877601893576,6.051718756936976,5.492467703832078,1.0,47.5
P0051,56.0,Unknown,Desktop,Beginner,1.0,37.25109071935661,3.0,5.0,1.0,2.0,4.0,3.0,5.0,4.0,5.0,4.0,7.0,4.0,5.0,21.0,21.0,3.950067875759795,6.845513146137397,6.193065664755712,5.248786355817575,1.0,50.0
P0053,26.0,Prefer not to say,iOS,Intermediate,1.0,63.44579666344659,5.0,5.0,3.0,2.0,5.0,4.0,1.0,5.0,2.0,5.0,5.0,5.0,5.0,7.431260639965509,21.0,3.950067875759795,5.907877601893576,6.6459669409809115,3.818020537863029,1.0,37.5
P0054,52.0,F,iOS,Advanced,1.0,98.67279551645922,4.0,5.0,1.0,4.0,2.0,2.0,4.0,3.0,5.0,4.0,4.0,4.0,6.0,21.0,13.77279182945576,3.950067875759795,6.9432466919127815,6.815336166965929,5.3484076049303,1.0,45.0
P0055,46.0,M,Android,Advanced,1.0,58.921294599551565,4.0,4.0,3.0,3.0,2.0,2.0,4.0,3.0,5.0,4.0,3.0,7.0,6.0,10.757959298253065,9.205085327621978,3.950067875759795,5.9473653597853255,6.051718756936976,4.92808062521669,1.0,55.0
P0056,18.0,F,Android,Unknown,1.0,24.18191976960813,2.0,3.0,4.0,4.0,3.0,4.0,2.0,3.0,3.0,3.0,4.0,4.0,5.0,7.537943409464091,6.2834601055608035,7.627779838411408,6.235874305391566,6.930749117833292,5.561759645128227,1.0,42.5
P0057,48.0,M,Android,Intermediate,1.0,201.9043269706875,3.0,4.0,5.0,2.0,4.0,3.0,5.0,4.0,4.0,2.0,5.0,4.0,6.0,21.0,11.873488350201471,3.950067875759795,5.907877601893576,6.631423530557121,4.811415360880757,1.0,65.0
P0058,40.0,M,Android,Beginner,0.0,58.38769500395149,4.0,1.0,4.0,4.0,5.0,1.0,5.0,5.0,5.0,3.0,7.0,5.0,5.0,10.287383044871962,11.013372711891192,21.0,5.08601710661272,4.82229415732165,5.0231361619146835,1.0,72.5
P0059,35.0,F,Android,Advanced,1.0,124.88480746275856,4.0,2.0,4.0,4.0,4.0,3.0,4.0,4.0,4.0,5.0,5.0,6.0,4.0,12.107205510471124,10.01343779286381,2.9740361160827327,5.907877601893576,6.678136674116801,5.305943628019234,1.0,55.0
P0060,35.0,F,Desktop,Advanced,1.0,52.701080748650995,5.0,3.0,4.0,3.0,2.0,5.0,5.0,3.0,4.0,4.0,5.0,5.0,6.0,12.55420657903394,7.746039805848093,3.950067875759795,6.65037737198274,5.3772877611788354,6.2339595804351795,1.0,55.0
P0061,40.0,F,Desktop,Beginner,1.0,15.965073174747962,3.0,4.0,3.0,3.0,4.0,4.0,3.0,4.0,4.0,4.0,7.0,5.0,5.0,21.0,11.525341346768451,3.950067875759795,5.017476085818395,6.051718756936976,3.898464790421837,1.0,45.0
P0062,45.0,F,iOS,Intermediate,1.0,44.05486046039701,4.0,4.0,4.0,2.0,1.0,1.0,4.0,3.0,4.0,2.0,4.0,5.0,3.0,15.39410855913344,10.22046960449449,1.280283418464144,6.180224631304661,6.201225300356021,3.618062862822118,1.0,62.5
P0063,18.0,M,Android,Intermediate,1.0,35.94331041462716,4.0,1.0,3.0,4.0,2.0,5.0,3.0,3.0,4.0,4.0,6.0,4.0,7.0,13.849116827540554,21.0,5.504422153488811,6.195371607404438,6.051718756936976,5.585115837655547,1.0,47.5
P0064,57.0,F,Android,Advanced,1.0,79.1208310944007,5.0,5.0,4.0,3.0,3.0,2.0,2.0,5.0,4.0,5.0,3.0,4.0,5.0,21.0,5.728622940602154,3.950067875759795,5.556333052466843,5.868367936900511,5.16436654068617,1.0,45.0
P0065,49.0,F,Android,Intermediate,1.0,38.12441364144537,3.0,5.0,5.0,4.0,5.0,3.0,5.0,4.0,2.0,5.0,6.0,5.0,5.0,5.921100736599316,9.03336707315023,3.950067875759795,5.907877601893576,6.871669836434857,5.623402938351125,1.0,47.5
P0066,46.0,M,iOS,Advanced,0.0,24.128125323000024,5.0,4.0,3.0,5.0,4.0,4.0,3.0,3.0,4.0,5.0,6.0,5.0,6.0,9.075280549640382,12.401943008836527,1.8521614886342608,5.56630597558066,5.268568831342471,4.274319484323227,1.0,45.0
P_MISSING_0004,37.0,M,iOS,Intermediate,1.0,219.77071261885828,2.0,4.0,3.0,5.0,5.0,3.0,2.0,5.0,4.0,2.0,6.0,3.0,5.0,13.431756442971096,8.479002846676027,3.950067875759795,6.9336194244712255,6.051718756936976,4.941171877393664,1.0,42.5
P0068,38.0,Other,iOS,Intermediate,1.0,31.03521800299086,1.0,4.0,4.0,5.0,5.0,3.0,2.0,5.0,3.0,5.0,5.0,7.0,7.0,21.0,7.543858755588156,3.950067875759795,5.313464693237846,3.7443719267577498,4.415893967873842,1.0,32.5
P0069,33.0,M,iOS,Intermediate,1.0,65.96823983066373,4.0,5.0,5.0,5.0,3.0,2.0,3.0,3.0,4.0,5.0,5.0,6.0,6.0,10.427512349194371,6.345372713272057,3.950067875759795,6.753341549269422,6.889211066491649,3.3778497053489405,1.0,47.5
P0072,28.0,M,iOS,Intermediate,1.0,135.5816714081915,5.0,5.0,5.0,4.0,2.0,1.0,5.0,2.0,5.0,2.0,4.0,7.0,6.0,6.7757084200016715,14.782205459017389,3.950067875759795,6.092610529188782,6.051718756936976,4.948393109605996,1.0,70.0
P_MISSING_0005,37.0,F,iOS,Beginner,1.0,46.669851642797866,1.0,4.0,4.0,2.0,2.0,5.0,5.0,4.0,4.0,5.0,7.0,7.0,6.0,10.698521284699442,9.743774751965637,3.002339321107149,6.418284851435055,4.822520466243003,6.0185363711304065,1.0,40.0
P0075,30.0,M,iOS,Intermediate,1.0,193.2754992317098,5.0,5.0,5.0,5.0,4.0,4.0,1.0,4.0,5.0,4.0,7.0,5.0,6.0,21.0,10.129335073168786,3.950067875759795,6.113467012100309,5.495643890798187,5.827101779758956,1.0,45.0
P0076,32.0,M,iOS,Beginner,1.0,28.915751960723416,4.0,5.0,5.0,4.0,4.0,5.0,3.0,3.0,3.0,4.0,5.0,3.0,4.0,11.46628849742947,11.015022250920646,3.950067875759795,6.701386190429105,5.178799417512416,3.4115963881055444,1.0,45.0
P0077,46.0,F,Android,Beginner,1.0,39.055116395005705,3.0,3.0,5.0,5.0,5.0,3.0,3.0,4.0,4.0,4.0,5.0,5.0,6.0,12.621263145187251,15.690266902674288,3.950067875759795,5.8521356578905745,6.26669795808227,4.623131353041869,1.0,52.5
P0078,41.0,M,Android,Intermediate,1.0,64.87270259201507,3.0,4.0,3.0,4.0,1.0,3.0,4.0,4.0,5.0,4.0,7.0,7.0,5.0,21.0,7.793916151270539,1.6851587060923483,5.907877601893576,6.051718756936976,6.144139865273596,1.0,42.5
P0079,27.0,M,Android,Intermediate,0.0,20.594103862960196,4.0,5.0,4.0,4.0,4.0,3.0,4.0,5.0,2.0,3.0,7.0,4.0,5.0,6.196508149597361,8.581848480866489,17.79237248673131,5.940091847423227,5.7742706808875095,4.340898026914811,1.0,45.0
P0080,57.0,F,iOS,Advanced,0.0,83.39609340244522,4.0,4.0,3.0,3.0,3.0,4.0,3.0,3.0,2.0,3.0,4.0,4.0,6.0,9.463993895131804,17.17465572708392,10.64259069437663,4.002714268043264,5.9005815171506715,5.827370531483566,1.0,45.0
P0082,34.0,F,iOS,Intermediate,1.0,17.264147573127754,4.0,4.0,4.0,3.0,2.0,4.0,2.0,3.0,5.0,2.0,7.0,6.0,6.0,9.620936544208949,12.006571811711163,3.950067875759795,6.673733336567384,6.051718756936976,4.845346055201339,1.0,52.5
P0083,50.0,F,Android,Intermediate,1.0,22.90098847074083,2.0,2.0,5.0,4.0,2.0,5.0,5.0,4.0,4.0,3.0,6.0,5.0,7.0,14.388029452339676,5.408466015270848,0.911714681943931,5.3617444311902,4.100794801827638,3.969451268365831,1.0,50.0
P0084,43.0,F,Desktop,Intermediate,1.0,54.33537323993428,5.0,5.0,3.0,3.0,5.0,4.0,2.0,4.0,3.0,5.0,5.0,6.0,5.0,21.0,15.24706233148422,3.950067875759795,5.556152953791902,5.057767972174536,1.953840281649228,1.0,42.5
P0085,35.0,M,Unknown,Advanced,1.0,49.58045227520998,3.0,3.0,4.0,4.0,3.0,3.0,5.0,5.0,4.0,5.0,6.0,6.0,5.0,9.842167287760452,10.797992243264028,3.950067875759795,5.980248699317988,6.353177933403213,6.02187649568095,1.0,47.5
P0086,24.0,F,iOS,Intermediate,1.0,219.77071261885828,5.0,5.0,5.0,3.0,4.0,3.0,5.0,4.0,5.0,4.0,5.0,6.0,7.0,14.705807396395729,5.208470024112716,3.950067875759795,6.234792871177771,6.991097397936226,6.508856109156643,1.0,62.5
P0087,41.0,F,iOS,Intermediate,1.0,43.96361126230468,5.0,5.0,3.0,2.0,3.0,5.0,5.0,4.0,4.0,2.0,5.0,3.0,5.0,4.929594442524941,9.71001910541478,3.950067875759795,5.907877601893576,6.051718756936976,4.989847644943912,1.0,55.0
P0088,18.0,F,iOS,Intermediate,1.0,187.3858541521604,4.0,3.0,4.0,5.0,2.0,3.0,3.0,5.0,4.0,4.0,6.0,6.0,6.0,21.0,21.0,3.950067875759795,5.771970195132767,5.806880132622471,4.529173729910951,1.0,42.5
P0089,37.0,M,iOS,Advanced,1.0,55.96183210013171,3.0,4.0,3.0,2.0,5.0,4.0,4.0,4.0,5.0,1.0,6.0,5.0,5.0,8.94529215156655,10.262015561631369,11.61968909612095,5.711869220630024,3.8889517106732985,5.293847694755322,1.0,62.5
P0091,53.0,Prefer not to say,Desktop,Intermediate,0.0,66.93925206342935,3.0,5.0,2.0,4.0,2.0,2.0,4.0,2.0,1.0,5.0,5.0,5.0,6.0,9.501217566296376,21.0,1.9418167397779855,4.443717667277675,4.421074870013197,6.0431120822321045,1.0,35.0
P0092,32.0,F,Android,Intermediate,1.0,75.80251331544754,4.0,3.0,4.0,5.0,2.0,3.0,4.0,5.0,3.0,4.0,6.0,4.0,6.0,14.096456706327734,2.1894107479867753,0.9195146755645496,5.698513527458684,6.609201631527444,4.449382610993179,1.0,42.5
P0093,52.0,M,Android,Intermediate,1.0,57.60972869151002,3.0,3.0,4.0,4.0,5.0,4.0,4.0,4.0,4.0,4.0,5.0,7.0,4.0,9.719879885985298,10.724198113224382,3.950067875759795,6.851622022562665,6.334188564953705,6.180227886954833,1.0,52.5
P0094,36.0,F,iOS,Intermediate,0.0,16.084957281241795,5.0,4.0,4.0,4.0,5.0,1.0,5.0,4.0,5.0,3.0,6.0,4.0,6.0,17.992975110122018,13.10644032739323,1.039490936926049,5.49153673071628,5.097213724692401,5.376172046499156,1.0,70.0
P0095,57.0,Prefer not to say,iOS,Advanced,1.0,14.719658385822068,5.0,4.0,4.0,3.0,5.0,5.0,2.0,5.0,4.0,4.0,6.0,4.0,6.0,3.4561493978807145,9.7050633154242,3.950067875759795,5.745117912288227,6.44148661025365,5.969347043840527,1.0,47.5
P0096,56.0,F,Desktop,Advanced,1.0,120.12750608042306,2.0,4.0,3.0,4.0,3.0,3.0,5.0,3.0,2.0,2.0,4.0,4.0,5.0,14.72083000293773,10.229728627849807,3.0191787929997584,5.956348709696082,6.051718756936976,5.654371789595336,1.0,47.5
P0097,35.0,M,iOS,Intermediate,1.0,219.77071261885828,5.0,4.0,5.0,4.0,4.0,3.0,4.0,3.0,4.0,3.0,7.0,3.0,4.0,12.65359663753934,5.11450418266279,3.950067875759795,6.059633003863531,6.051718756936976,1.876664582206213,1.0,62.5
P0098,18.0,F,Android,Intermediate,1.0,80.03381997675424,4.0,5.0,4.0,4.0,1.0,4.0,4.0,4.0,3.0,4.0,6.0,6.0,3.0,15.68078204964402,21.0,3.950067875759795,5.907877601893576,6.051718756936976,6.124313144784371,1.0,37.5
P0099,27.0,M,iOS,Intermediate,1.0,98.99396200408025,5.0,2.0,4.0,5.0,3.0,4.0,2.0,4.0,4.0,3.0,3.0,3.0,6.0,13.311324511627005,9.513482252867975,3.950067875759795,5.842959669754782,5.916693400140353,5.149649913673171,1.0,50.0
P0102,75.0,M,Android,Intermediate,1.0,23.56989303492143,5.0,4.0,4.0,2.0,2.0,3.0,4.0,4.0,5.0,3.0,6.0,6.0,6.0,7.345928142376489,6.692387009185309,3.950067875759795,6.438557197630724,6.362482223319948,5.569721319150704,1.0,60.0
P0104,47.0,M,Android,Intermediate,1.0,219.77071261885828,5.0,5.0,5.0,2.0,5.0,3.0,5.0,2.0,4.0,4.0,5.0,5.0,6.0,5.432676480967372,9.64887293954224,3.950067875759795,6.886334543833893,6.168224167039859,5.485444230048981,1.0,70.0
P0105,44.0,M,iOS,Intermediate,1.0,83.37252540983873,5.0,5.0,3.0,3.0,4.0,3.0,5.0,1.0,4.0,5.0,6.0,6.0,6.0,13.263872779226023,21.0,3.950067875759795,6.418294232430533,6.051718756936976,3.010758033808902,1.0,60.0
P0106,43.0,M,iOS,Intermediate,1.0,111.94434960366443,5.0,4.0,3.0,3.0,5.0,4.0,5.0,5.0,5.0,3.0,5.0,3.0,5.0,13.379242281455031,6.206937259032922,3.950067875759795,5.9644951885755955,6.051718756936976,5.154775614246359,1.0,60.0
P0107,20.0,F,Android,Intermediate,1.0,64.87270259201507,3.0,4.0,4.0,5.0,3.0,3.0,4.0,5.0,5.0,5.0,6.0,3.0,4.0,19.436372361404548,4.988342265142923,3.950067875759795,5.813250508092673,4.761492900763938,3.6660008991306894,1.0,42.5
P0109,45.0,F,iOS,Advanced,0.0,80.18522013561049,5.0,4.0,4.0,4.0,2.0,4.0,5.0,3.0,3.0,4.0,6.0,7.0,6.0,19.322824742914054,4.431009937301806,18.31107087563072,4.464608468382428,4.39862329380192,5.490078460151952,1.0,50.0
P0110,30.0,F,Android,Intermediate,1.0,90.26508572188672,5.0,4.0,4.0,3.0,3.0,2.0,5.0,5.0,5.0,4.0,5.0,6.0,5.0,5.668607798351832,11.683879874980498,3.950067875759795,5.614854188704405,6.051718756936976,5.136485039030111,1.0,60.0
P0111,43.0,F,Android,Intermediate,1.0,13.389482637803807,5.0,4.0,5.0,1.0,3.0,1.0,4.0,5.0,4.0,5.0,5.0,5.0,5.0,14.898526224109956,21.0,1.8631378187650336,5.907877601893576,6.051718756936976,4.811415360880757,1.0,62.5
P0112,36.0,F,Android,Advanced,1.0,3.353654605818312,3.0,5.0,3.0,3.0,2.0,5.0,3.0,1.0,4.0,4.0,5.0,5.0,6.0,7.949334137297514,11.637640395018249,3.950067875759795,6.523816919496893,6.342822576009369,5.107921364872844,1.0,42.5
P0113,40.0,F,Android,Intermediate,1.0,59.22882200719119,5.0,4.0,4.0,5.0,3.0,3.0,2.0,2.0,4.0,4.0,6.0,6.0,6.0,19.798010890825218,8.296988154268641,8.70008156791324,6.592722102355397,6.775692171028497,3.8416923796503792,1.0,50.0
P0114,26.0,F,Android,Intermediate,1.0,57.1737203195204,4.0,3.0,5.0,4.0,2.0,2.0,4.0,5.0,4.0,2.0,5.0,4.0,6.0,21.0,6.799575230859328,1.211636059004798,6.75457799162929,6.891585787667087,3.5663769782587464,1.0,57.5
P0115,45.0,F,Android,Beginner,1.0,17.553172293400646,2.0,3.0,4.0,3.0,5.0,3.0,5.0,5.0,3.0,3.0,7.0,3.0,4.0,7.803366433138105,11.80420352606935,3.950067875759795,6.176538710525455,5.162010459065064,4.157158261785368,1.0,55.0
P0116,18.0,M,Android,Intermediate,1.0,15.893183933815482,5.0,4.0,5.0,5.0,3.0,3.0,5.0,4.0,4.0,3.0,4.0,4.0,7.0,5.646637397160028,12.798704994502318,0.7621744729758229,6.9122410310557605,6.596020747609458,6.28321421818852,1.0,57.5
P0117,44.0,M,iOS,Advanced,1.0,47.28432936734374,3.0,4.0,3.0,4.0,5.0,4.0,5.0,3.0,4.0,4.0,5.0,6.0,6.0,12.004388925676068,14.348735132598396,6.794286081465376,4.498343039736857,4.904380480281194,6.011689750600492,1.0,52.5
P0118,39.0,M,Desktop,Advanced,1.0,65.8385577388004,4.0,4.0,1.0,4.0,4.0,4.0,4.0,5.0,4.0,3.0,5.0,4.0,6.0,12.262310458046551,7.488975373688716,3.950067875759795,6.508844350703647,6.48423792714976,3.64228504552501,1.0,42.5
P0119,40.0,F,iOS,Intermediate,1.0,101.42778253160432,5.0,5.0,4.0,3.0,4.0,1.0,5.0,2.0,3.0,5.0,5.0,5.0,5.0,4.813875800616254,20.01501256601982,9.84230756380082,5.907877601893576,6.052166488888739,3.175694137794064,1.0,62.5
P0120,23.0,F,Android,Beginner,1.0,116.67428609011286,4.0,4.0,1.0,4.0,4.0,4.0,4.0,5.0,5.0,4.0,5.0,5.0,6.0,15.618772333491044,6.936759469718982,3.950067875759795,5.907877601893576,6.918645837738636,4.038120248967086,1.0,42.5
P0121,25.0,F,Desktop,Intermediate,1.0,71.85503694661537,3.0,3.0,3.0,4.0,5.0,4.0,5.0,4.0,3.0,5.0,5.0,6.0,3.0,7.275086452566059,4.053128457044328,3.950067875759795,5.907877601893576,6.692068891430778,5.688690936636979,1.0,47.5
P0122,29.0,M,iOS,Intermediate,1.0,19.355635681106225,4.0,3.0,3.0,3.0,4.0,3.0,4.0,4.0,5.0,3.0,6.0,6.0,6.0,12.60256878144718,21.0,16.0,6.674311140866457,6.051718756936976,5.632709768306217,1.0,60.0
P0123,55.0,F,Android,Beginner,1.0,51.23351687744993,4.0,5.0,4.0,5.0,3.0,1.0,3.0,2.0,2.0,3.0,5.0,5.0,6.0,6.032565112220125,10.352629829209802,3.950067875759795,6.48862328898095,6.723001543052332,3.01699758321332,1.0,50.0
P0124,38.0,F,Unknown,Beginner,1.0,16.755172520914744,5.0,2.0,5.0,5.0,3.0,5.0,2.0,2.0,2.0,2.0,7.0,7.0,6.0,19.509402238188656,11.818491774936296,3.950067875759795,6.449574498491751,6.051718756936976,3.7879747770069,1.0,52.5
P0125,44.0,F,Android,Beginner,1.0,72.4136788798539,3.0,4.0,5.0,3.0,5.0,4.0,5.0,2.0,5.0,4.0,5.0,3.0,5.0,20.16311901741579,11.186825623542203,2.780261973920604,5.996210585315114,6.789622840592041,6.593621136412911,1.0,65.0
P0127,27.0,F,Android,Intermediate,0.0,19.283205069562616,1.0,4.0,2.0,5.0,2.0,3.0,3.0,5.0,5.0,4.0,4.0,4.0,6.0,9.81587080802876,3.1742049959749017,4.541040965341033,5.010892857205068,5.297267335373671,6.008940292382036,1.0,30.0
P0128,33.0,M,Android,Intermediate,1.0,152.0457424104635,4.0,2.0,5.0,4.0,5.0,5.0,3.0,5.0,4.0,4.0,7.0,7.0,4.0,8.532523861212493,14.468930899197966,3.950067875759795,5.907877601893576,6.051718756936976,5.533141972087374,1.0,52.5
P0129,28.0,M,iOS,Beginner,1.0,113.40277730463738,3.0,4.0,2.0,3.0,5.0,5.0,5.0,4.0,3.0,3.0,4.0,5.0,6.0,8.521594814958993,6.693688835249989,3.950067875759795,6.960610108911258,6.051718756936976,4.883042412438285,1.0,47.5
P0130,36.0,M,Android,Intermediate,1.0,15.14912017894625,4.0,2.0,4.0,4.0,5.0,2.0,2.0,4.0,3.0,4.0,7.0,7.0,4.0,7.330201735286754,5.443855753110183,2.0198823177893113,6.405580116967714,6.773519127458976,5.126008421735859,1.0,55.0
P0131,36.0,F,iOS,Intermediate,1.0,87.83611637813148,4.0,4.0,2.0,5.0,3.0,5.0,5.0,4.0,3.0,4.0,7.0,4.0,4.0,7.259693830882307,10.58751817045304,3.950067875759795,5.907877601893576,6.051718756936976,3.1782856636457177,1.0,37.5
P0132,39.0,F,iOS,Intermediate,1.0,11.749227577973208,4.0,5.0,3.0,3.0,1.0,4.0,5.0,5.0,5.0,4.0,3.0,6.0,4.0,4.792342198217124,6.165621744481797,6.916571704683518,5.907877601893576,6.15676516601711,3.8466828481348294,1.0,42.5
P0133,18.0,F,iOS,Intermediate,0.0,13.700517287886614,5.0,3.0,4.0,3.0,4.0,3.0,4.0,1.0,5.0,5.0,3.0,3.0,7.0,21.0,11.793129931217564,2.9666148244601342,4.675125374371801,5.470433220017141,6.113177707553565,1.0,67.5
P0134,35.0,F,Desktop,Intermediate,1.0,91.90702406993216,5.0,5.0,2.0,5.0,5.0,3.0,5.0,4.0,1.0,5.0,6.0,7.0,6.0,6.1712383324884215,11.24186284818516,2.880317007581975,6.417566606449908,6.821765130951517,3.31380712174297,1.0,40.0
P0135,31.0,M,Desktop,Advanced,1.0,31.649541263581856,3.0,2.0,4.0,5.0,4.0,3.0,5.0,2.0,1.0,5.0,5.0,6.0,5.0,21.0,10.988760819036266,3.950067875759795,6.805098825455987,5.557474040883258,5.327904986123437,1.0,50.0
P0136,18.0,M,Android,Beginner,0.0,107.6308606604102,2.0,4.0,5.0,5.0,4.0,2.0,3.0,3.0,4.0,3.0,6.0,7.0,6.0,15.593889868718716,9.077606273197516,7.634300104059017,4.466088160239607,4.811041648642733,4.3146012389407,1.0,52.5
P0137,23.0,M,iOS,Intermediate,1.0,137.10297868579897,2.0,2.0,5.0,3.0,3.0,5.0,5.0,4.0,5.0,4.0,5.0,5.0,4.0,14.587041946171912,8.188885283939612,1.4335904589314428,4.301306033896525,6.051718756936976,4.116383253904676,1.0,55.0
P0138,31.0,F,Desktop,Advanced,1.0,104.60077517378856,4.0,4.0,1.0,4.0,3.0,5.0,4.0,5.0,5.0,4.0,6.0,6.0,5.0,8.372931230524829,14.249265202662766,3.950067875759795,6.958749780669515,6.9366822225530465,5.712510668472369,1.0,37.5
P0139,42.0,F,Android,Beginner,1.0,44.31873243628596,5.0,5.0,4.0,4.0,4.0,2.0,3.0,5.0,5.0,4.0,6.0,7.0,6.0,21.0,7.225149269341627,5.930348100165235,4.785355705461418,6.051718756936976,6.281654759222517,1.0,52.5
P0140,40.0,M,Desktop,Intermediate,1.0,144.7799934695213,4.0,5.0,4.0,3.0,2.0,3.0,4.0,4.0,5.0,5.0,3.0,4.0,6.0,21.0,17.340355433974693,5.788733629697532,5.773148798403412,6.051718756936976,5.817792571654101,1.0,47.5
P0141,39.0,F,iOS,Advanced,1.0,41.63578079379213,5.0,5.0,4.0,4.0,3.0,1.0,3.0,1.0,5.0,5.0,5.0,6.0,6.0,12.117439307417554,10.089196614782272,3.950067875759795,3.797496442671824,6.996893775340972,5.338589135025817,1.0,60.0
P0142,47.0,F,iOS,Advanced,1.0,64.2906620548354,4.0,5.0,3.0,3.0,2.0,3.0,5.0,4.0,5.0,5.0,5.0,5.0,4.0,11.131432759423342,12.70535604633882,3.950067875759795,5.907877601893576,6.95937140572036,5.058144336871907,1.0,47.5
P0143,18.0,M,Android,Beginner,1.0,19.464381625383137,3.0,5.0,3.0,3.0,4.0,5.0,4.0,3.0,2.0,4.0,5.0,5.0,6.0,12.262310458046551,21.0,10.602424204567324,5.907877601893576,6.280270822619978,3.445104033145169,1.0,40.0
P0144,35.0,F,iOS,Advanced,1.0,219.77071261885828,4.0,3.0,5.0,4.0,2.0,5.0,5.0,3.0,5.0,4.0,5.0,5.0,6.0,13.663096829010122,8.133519612632785,3.950067875759795,5.267739234719549,6.281179033594858,3.4407512834018714,1.0,55.0
P0145,20.0,M,iOS,Advanced,1.0,99.12912052368186,5.0,4.0,4.0,2.0,4.0,3.0,4.0,4.0,5.0,4.0,6.0,4.0,7.0,17.590363698183793,6.282577460930567,0.6682985662296526,6.3299192347062325,6.450827160595983,3.684196272545337,1.0,62.5
P0146,49.0,F,Desktop,Advanced,1.0,34.242624065601404,5.0,3.0,4.0,5.0,4.0,4.0,4.0,4.0,5.0,3.0,5.0,6.0,6.0,5.546725593198617,6.2170385403270645,3.950067875759795,5.907877601893576,4.054604661562393,4.9113782570041,1.0,57.5
P0147,51.0,F,iOS,Advanced,1.0,50.183973017955346,4.0,5.0,3.0,5.0,2.0,4.0,5.0,5.0,3.0,4.0,6.0,6.0,6.0,4.830294513359548,8.520657806864545,3.950067875759795,5.401961495009342,6.051718756936976,4.549711363163326,1.0,35.0
P0148,45.0,M,iOS,Unknown,0.0,26.804137933146396,4.0,2.0,4.0,4.0,4.0,4.0,3.0,4.0,1.0,4.0,4.0,6.0,4.0,21.0,7.441097440150428,5.591843004719937,5.400941917245159,5.12847010164252,4.801373170318247,1.0,45.0
P0149,33.0,M,iOS,Unknown,1.0,117.9291036359952,5.0,1.0,4.0,5.0,5.0,5.0,3.0,4.0,2.0,5.0,6.0,5.0,3.0,13.479658089655349,13.761119367570329,3.950067875759795,6.258650645790386,6.853664278398831,3.8183342290795856,1.0,47.5
P0150,42.0,F,Unknown,Unknown,1.0,29.913375679304643,5.0,4.0,5.0,4.0,3.0,3.0,3.0,5.0,5.0,3.0,5.0,6.0,4.0,5.174036064867257,10.129335073168786,1.1185742633634437,5.907877601893576,6.2845126599361665,5.167932972042504,1.0,55.0
P0151,25.0,F,iOS,Advanced,1.0,23.326800787121044,5.0,1.0,5.0,3.0,4.0,3.0,4.0,3.0,5.0,4.0,5.0,3.0,6.0,21.0,5.422354500258207,3.950067875759795,5.373890883127932,6.562036091474649,3.8623983655457383,1.0,72.5
P0152,35.0,M,Android,Intermediate,1.0,60.88164890807946,4.0,4.0,5.0,1.0,4.0,5.0,5.0,5.0,5.0,4.0,6.0,6.0,6.0,10.617778833824396,7.759120653079828,3.950067875759795,5.831239202246479,6.051718756936976,5.358730585471026,1.0,60.0
P0153,36.0,M,Android,Beginner,0.0,80.36222565315354,5.0,3.0,3.0,4.0,2.0,4.0,4.0,5.0,4.0,5.0,5.0,6.0,7.0,5.79165001879343,7.878185015094263,2.5370899065890633,4.808473130618492,4.6211585446885435,3.878094336872353,1.0,42.5
P0154,38.0,F,iOS,Advanced,1.0,210.74805757418693,4.0,4.0,4.0,5.0,4.0,5.0,2.0,5.0,4.0,4.0,6.0,6.0,6.0,12.089726581093336,17.37315324495555,3.950067875759795,5.907877601893576,6.48138799917173,5.211123038357888,1.0,37.5
P_MISSING_0006,41.0,F,Android,Beginner,0.0,61.656246068231475,4.0,3.0,4.0,3.0,4.0,4.0,2.0,4.0,5.0,3.0,4.0,6.0,6.0,6.956883191328019,18.221069510436216,1.2033402393274415,4.980408323336974,5.966647440523827,4.598740458186926,1.0,55.0
P0156,21.0,M,Android,Advanced,1.0,28.98278550601368,5.0,5.0,3.0,5.0,5.0,4.0,5.0,3.0,2.0,5.0,5.0,5.0,5.0,18.65924947821228,14.42886045986534,1.7201862253410392,6.187984461578571,6.927900469003062,4.3358192356569365,1.0,45.0
P0157,31.0,F,iOS,Intermediate,1.0,22.307344801238088,5.0,2.0,5.0,3.0,2.0,3.0,4.0,5.0,4.0,4.0,6.0,4.0,6.0,21.0,9.315326676086707,3.950067875759795,5.907877601893576,5.471144435709556,5.676790742427478,1.0,57.5
P0158,35.0,M,Android,Intermediate,1.0,31.02156309766822,5.0,2.0,5.0,4.0,5.0,3.0,5.0,2.0,5.0,5.0,5.0,6.0,6.0,10.994298527730782,20.16495033996995,0.2471383485771916,5.907877601893576,6.555030059810976,4.084504581216011,1.0,72.5
P0159,34.0,M,Android,Intermediate,1.0,177.39049324312933,3.0,4.0,4.0,4.0,3.0,5.0,4.0,3.0,5.0,5.0,7.0,7.0,5.0,16.79117608397671,3.643050923632592,3.950067875759795,5.6321650634632645,6.051718756936976,5.478225169647876,1.0,45.0
P0160,38.0,M,Android,Beginner,0.0,78.14771443755859,3.0,4.0,5.0,5.0,3.0,3.0,3.0,4.0,4.0,5.0,5.0,4.0,4.0,18.562654540286804,4.556280021947421,15.28992794296638,4.328669014293165,4.322077645968845,4.07950329002276,1.0,42.5
P0161,37.0,M,iOS,Intermediate,1.0,45.34001598200261,2.0,4.0,2.0,3.0,4.0,5.0,3.0,3.0,5.0,4.0,5.0,5.0,7.0,21.0,21.0,2.0287362591152736,5.907877601893576,6.051718756936976,2.3875378355395704,1.0,42.5
P0162,23.0,F,iOS,Beginner,1.0,23.18170085726513,5.0,3.0,4.0,4.0,2.0,4.0,2.0,5.0,4.0,3.0,6.0,5.0,5.0,21.0,13.6405306819933,3.950067875759795,6.893706647163022,6.636212476957406,4.682150334439952,1.0,45.0
P0163,43.0,F,iOS,Unknown,1.0,21.023461176701336,3.0,3.0,5.0,5.0,3.0,5.0,3.0,5.0,4.0,2.0,5.0,4.0,5.0,3.82910196493474,12.777454197357835,3.950067875759795,5.907877601893576,6.165736551331417,6.3295766182687165,1.0,45.0
P0164,28.0,F,Android,Advanced,1.0,92.12563876529993,5.0,4.0,4.0,4.0,4.0,3.0,3.0,5.0,3.0,1.0,5.0,4.0,5.0,11.394917145792611,17.832127519624365,3.950067875759795,4.654574400587563,6.051718756936976,4.404274208552869,1.0,55.0
P0165,45.0,M,Android,Advanced,1.0,41.93543021695673,4.0,5.0,5.0,4.0,5.0,5.0,3.0,3.0,3.0,5.0,5.0,7.0,5.0,11.515434153417294,12.646798660803457,3.950067875759795,6.8299212858186795,4.882405583413263,5.397872075616958,1.0,45.0
P0166,41.0,F,iOS,Advanced,1.0,44.25612872343063,4.0,5.0,4.0,1.0,2.0,5.0,1.0,3.0,4.0,3.0,6.0,6.0,6.0,10.681297678763078,8.219983750743102,3.950067875759795,4.654412347974299,6.58733878572185,6.128517147005815,1.0,45.0
P_MISSING_0007,49.0,F,Android,Advanced,1.0,53.69085597586685,5.0,1.0,3.0,5.0,4.0,4.0,4.0,2.0,5.0,4.0,5.0,5.0,5.0,12.262310458046551,10.582083519515493,3.950067875759795,6.4477015256176635,6.057466424035325,3.8548396815312898,1.0,62.5
P0168,46.0,M,Desktop,Intermediate,1.0,113.92754642662688,4.0,4.0,3.0,4.0,3.0,4.0,4.0,3.0,3.0,4.0,5.0,7.0,7.0,21.0,10.788704988060374,2.131154088144674,5.846535747816504,4.96906283017381,5.144452501362071,1.0,45.0
P0169,25.0,M,iOS,Intermediate,1.0,66.91430774708235,3.0,4.0,4.0,4.0,2.0,5.0,5.0,5.0,3.0,3.0,4.0,5.0,7.0,21.0,20.177355310688963,4.349832622751659,5.907877601893576,5.195603389378208,4.28179020380286,1.0,40.0
P0170,18.0,F,Android,Advanced,1.0,64.87270259201507,3.0,1.0,2.0,3.0,4.0,5.0,4.0,5.0,3.0,5.0,5.0,4.0,7.0,6.714440301599406,10.529075868229038,3.950067875759795,6.354439019270117,6.071010997355575,4.8045045873871075,1.0,42.5
P0171,37.0,F,Android,Intermediate,1.0,26.493055368675456,4.0,3.0,4.0,3.0,4.0,3.0,5.0,4.0,5.0,4.0,6.0,6.0,6.0,21.0,13.610285727084651,3.950067875759795,5.907877601893576,5.725379498893429,6.056444070967565,1.0,62.5
P0174,24.0,M,Android,Intermediate,1.0,21.41286753714188,5.0,5.0,3.0,1.0,4.0,4.0,4.0,4.0,2.0,3.0,4.0,4.0,5.0,21.0,18.58307265079563,3.950067875759795,4.934301635296928,6.637805070339848,4.811415360880757,1.0,52.5
P0176,31.0,F,Android,Beginner,1.0,154.8738665645259,4.0,4.0,5.0,4.0,3.0,5.0,3.0,5.0,3.0,2.0,6.0,5.0,5.0,11.244730229438588,5.14450425346913,6.40081092746842,5.907877601893576,6.051718756936976,5.515985894271193,1.0,45.0
P0177,32.0,F,iOS,Beginner,1.0,87.54753122807703,5.0,1.0,5.0,4.0,4.0,4.0,4.0,3.0,4.0,2.0,6.0,6.0,7.0,10.15996196014156,14.957668831038069,4.907207782669676,6.586594049357854,6.204130266320783,4.7424854000060215,1.0,70.0
P0178,33.0,F,iOS,Beginner,0.0,103.16357106192284,4.0,1.0,5.0,4.0,5.0,4.0,5.0,3.0,5.0,4.0,4.0,5.0,5.0,3.3055628963077033,8.656976512459758,2.289079460746914,5.182848766503412,3.889337040956856,3.5730485604362485,1.0,70.0
P0180,31.0,F,iOS,Intermediate,1.0,26.2365698632938,4.0,1.0,5.0,5.0,4.0,4.0,4.0,1.0,4.0,4.0,4.0,7.0,6.0,12.230972655755524,4.593147015904389,3.950067875759795,5.030063958507638,6.044509456870913,4.257176595851395,1.0,65.0
P0181,40.0,M,Android,Intermediate,1.0,152.68484067935896,4.0,3.0,4.0,4.0,4.0,4.0,4.0,3.0,4.0,5.0,5.0,6.0,6.0,19.87397855481949,13.450022151668888,3.950067875759795,6.318170417619081,6.051718756936976,6.129366952420496,1.0,52.5
P0182,29.0,Prefer not to say,iOS,Beginner,1.0,63.17283640037044,2.0,3.0,4.0,5.0,3.0,4.0,5.0,4.0,3.0,5.0,6.0,5.0,5.0,20.403540573580948,4.056663728450081,5.523428892287232,5.907877601893576,5.304944615860467,3.487563312265207,1.0,40.0
P0183,19.0,M,iOS,Intermediate,1.0,47.245926687199976,4.0,2.0,5.0,3.0,5.0,4.0,5.0,4.0,1.0,4.0,6.0,7.0,5.0,15.155198160553942,7.186521560800155,0.9887355330014193,6.658942260289415,6.051718756936976,4.190124918632611,1.0,57.5
P0184,23.0,F,Android,Intermediate,0.0,115.1174184554962,4.0,5.0,4.0,4.0,5.0,2.0,5.0,4.0,4.0,5.0,5.0,3.0,4.0,7.65011772558575,11.656879792868368,17.113694252198645,4.621598802687704,5.500054636166188,5.60561952978704,1.0,55.0
P0185,25.0,F,Android,Advanced,1.0,24.558553373176466,3.0,2.0,2.0,4.0,4.0,4.0,4.0,4.0,2.0,4.0,6.0,4.0,5.0,4.2878859570093395,21.0,4.434124099849166,5.907877601893576,6.681751569286246,4.058357738891985,1.0,42.5
P0186,32.0,M,iOS,Advanced,1.0,118.74548797661276,4.0,4.0,2.0,5.0,5.0,5.0,5.0,5.0,5.0,4.0,7.0,6.0,7.0,5.797206230944015,7.123868657548398,1.1489332807145622,5.907877601893576,4.731330319738919,4.720932510691986,1.0,45.0
P0187,29.0,M,iOS,Intermediate,1.0,77.92288623786264,4.0,2.0,4.0,4.0,4.0,5.0,3.0,3.0,4.0,5.0,7.0,4.0,5.0,10.992980038598647,5.606936082886025,3.950067875759795,5.907877601893576,4.025166991221317,3.5595092019797447,1.0,50.0
P0188,46.0,M,iOS,Intermediate,1.0,219.77071261885828,4.0,1.0,4.0,2.0,5.0,1.0,4.0,5.0,3.0,1.0,6.0,7.0,6.0,7.125326569029793,7.511854661806544,0.1404904133666553,5.907877601893576,6.495729723085158,5.455270081835531,1.0,75.0
P0189,39.0,M,Android,Beginner,0.0,115.294402007751,5.0,2.0,4.0,4.0,4.0,2.0,2.0,2.0,4.0,4.0,5.0,6.0,6.0,17.764975822841137,11.841787108353437,6.232567704772096,5.313973535390433,4.469531003286126,6.228947391385644,1.0,62.5
P0190,45.0,Other,Android,Intermediate,0.0,50.8156594904793,3.0,2.0,5.0,2.0,3.0,3.0,3.0,3.0,1.0,4.0,6.0,6.0,5.0,8.780780516820336,10.413986499910749,8.848408796010164,3.491680514183823,5.724312965579344,4.811415360880757,1.0,52.5
P0192,24.0,F,Android,Intermediate,1.0,69.09621267410944,1.0,2.0,5.0,3.0,3.0,4.0,4.0,4.0,4.0,4.0,6.0,3.0,5.0,21.0,13.061295185891735,3.950067875759795,5.907877601893576,6.051718756936976,4.811415360880757,1.0,50.0
P0193,38.0,F,iOS,Intermediate,0.0,93.82493465925664,4.0,4.0,5.0,4.0,4.0,3.0,5.0,3.0,3.0,4.0,5.0,7.0,6.0,10.086781130301418,21.0,2.8538648532190014,3.617193036548581,4.812573258933489,5.000934016421596,1.0,57.5
P0194,29.0,F,Desktop,Intermediate,1.0,14.98271075166658,4.0,2.0,4.0,4.0,5.0,4.0,5.0,3.0,1.0,4.0,5.0,3.0,5.0,12.3987925271045,5.127705747768919,2.365574872849283,5.907877601893576,6.296152172059296,5.561715436564643,1.0,55.0
P0195,48.0,F,Android,Advanced,1.0,71.82072795281981,4.0,4.0,4.0,3.0,2.0,3.0,3.0,3.0,5.0,2.0,3.0,4.0,7.0,9.364838991109709,7.848391291440428,3.950067875759795,5.8021537902321505,6.208339504652949,5.721440045533308,1.0,57.5
P0196,50.0,F,Android,Intermediate,1.0,16.967796617541037,4.0,2.0,1.0,5.0,5.0,5.0,5.0,4.0,3.0,4.0,5.0,4.0,3.0,15.121885549126478,8.46407657771706,10.166424898335515,6.579208660446261,6.192260632678442,4.433868016138794,1.0,45.0
P0197,42.0,M,Desktop,Intermediate,1.0,71.7769019947539,3.0,5.0,5.0,4.0,3.0,1.0,4.0,4.0,4.0,3.0,5.0,6.0,3.0,11.58790943568421,15.284530312775852,3.950067875759795,6.044122358047827,4.947846232438154,5.094362095493768,1.0,55.0
P0198,24.0,F,Desktop,Beginner,1.0,219.77071261885828,3.0,5.0,3.0,4.0,5.0,4.0,3.0,4.0,2.0,5.0,7.0,3.0,5.0,8.707771081680031,21.0,3.950067875759795,6.984293122402928,6.051718756936976,4.2108521436708255,1.0,35.0
P0199,25.0,F,Android,Intermediate,1.0,34.29814717807467,1.0,4.0,4.0,3.0,5.0,2.0,5.0,4.0,5.0,4.0,6.0,7.0,4.0,7.477362410895727,5.466917152521028,1.344923241603199,6.69647610600618,5.483561172310031,3.967092780332885,1.0,57.5
P0200,57.0,M,Android,Intermediate,1.0,37.2583219609448,5.0,5.0,3.0,4.0,3.0,5.0,5.0,5.0,4.0,5.0,6.0,6.0,6.0,11.641367246661922,12.135169257289109,5.119513519074594,5.506562245106085,6.143359087295764,6.280001977928876,1.0,40.0
P0201,29.0,F,Android,Intermediate,0.0,23.325888686865017,5.0,5.0,1.0,5.0,5.0,5.0,4.0,1.0,4.0,3.0,5.0,6.0,4.0,3.835748786094611,3.060066314343435,3.950067875759795,5.084150272228768,4.962530905189029,5.906707713237114,1.0,50.0
P0202,34.0,M,iOS,Intermediate,1.0,123.65157760465117,2.0,2.0,5.0,4.0,4.0,1.0,3.0,5.0,4.0,5.0,6.0,6.0,5.0,21.0,16.12721721349337,3.950067875759795,4.683670428447036,6.712762154547925,5.602349920230688,1.0,52.5
P0203,35.0,F,iOS,Unknown,1.0,91.95780858200226,4.0,4.0,2.0,3.0,3.0,1.0,4.0,5.0,1.0,3.0,5.0,7.0,6.0,9.136124617632111,10.198407620431222,3.950067875759795,5.907877601893576,6.051718756936976,5.89863810531093,1.0,45.0
P0204,49.0,F,iOS,Intermediate,1.0,79.54053783077143,5.0,3.0,5.0,5.0,4.0,5.0,4.0,4.0,5.0,4.0,6.0,4.0,6.0,21.0,5.881960608999466,4.9385068922053925,6.287150643807992,5.29865856945473,5.257126161287587,1.0,55.0
P0205,39.0,M,iOS,Beginner,1.0,69.90170264348319,4.0,4.0,5.0,5.0,1.0,5.0,5.0,5.0,3.0,3.0,3.0,3.0,5.0,8.503086851424735,6.030315859041468,3.950067875759795,6.433571537954643,6.051718756936976,3.0183371355306403,1.0,40.0
P0206,53.0,F,Android,Unknown,1.0,52.85504066781411,4.0,4.0,2.0,4.0,3.0,4.0,3.0,5.0,4.0,3.0,5.0,4.0,5.0,9.14664505357854,14.349953353374842,2.27275543281928,5.907877601893576,6.051718756936976,2.234685510733706,1.0,40.0
P0207,31.0,M,iOS,Intermediate,1.0,136.5450740845807,1.0,4.0,3.0,4.0,5.0,5.0,5.0,3.0,4.0,4.0,6.0,4.0,4.0,3.8293893361782696,13.439226426899792,1.5849906050099705,4.981648173710705,5.753260634607383,5.839142872474616,1.0,45.0
P0210,44.0,M,Desktop,Intermediate,0.0,41.32996630536673,4.0,5.0,4.0,5.0,4.0,2.0,5.0,4.0,5.0,4.0,5.0,3.0,5.0,21.0,21.0,5.886131946026275,4.9976798739417765,4.620667226775691,6.091184794962475,1.0,55.0
P0212,31.0,F,Android,Intermediate,1.0,56.4067363680218,3.0,2.0,3.0,4.0,2.0,4.0,3.0,4.0,5.0,5.0,7.0,6.0,6.0,15.655768003759563,6.4959923043355685,3.950067875759795,6.450423660011597,6.64394423105744,3.734731774587971,1.0,42.5
P0213,47.0,F,Android,Intermediate,1.0,86.450385473592,4.0,5.0,3.0,4.0,4.0,5.0,4.0,3.0,3.0,5.0,5.0,4.0,5.0,8.60467271948963,6.1716405772159915,3.950067875759795,5.907877601893576,6.329574748581957,4.2193166631615275,1.0,40.0
P_MISSING_0008,33.0,M,iOS,Beginner,1.0,124.14019255886984,4.0,5.0,4.0,5.0,5.0,5.0,4.0,3.0,5.0,4.0,5.0,5.0,6.0,11.489472612592156,6.16599072091038,3.950067875759795,5.5603101735341,5.189268171500885,3.974803899971142,1.0,50.0
P0215,31.0,F,iOS,Beginner,1.0,62.960083898396356,5.0,4.0,5.0,3.0,2.0,4.0,3.0,1.0,4.0,3.0,4.0,6.0,3.0,21.0,16.821066129999707,3.950067875759795,5.907877601893576,6.051718756936976,4.01716687357232,1.0,60.0
P0216,46.0,F,Desktop,Advanced,1.0,24.47678193985962,4.0,4.0,4.0,4.0,4.0,5.0,4.0,4.0,5.0,3.0,6.0,5.0,6.0,8.025873266332923,8.312216905887334,4.906106941820752,5.907877601893576,6.051718756936976,5.234960553634583,1.0,52.5
P0217,39.0,F,iOS,Beginner,1.0,128.12947653422364,2.0,4.0,5.0,5.0,4.0,2.0,4.0,1.0,2.0,2.0,4.0,6.0,6.0,18.766194436105188,5.890316985684929,3.950067875759795,5.907877601893576,6.84965178156647,4.250211790082531,1.0,57.5
P0218,52.0,M,Android,Unknown,1.0,89.87190577582568,4.0,4.0,1.0,2.0,5.0,4.0,4.0,4.0,2.0,5.0,6.0,6.0,6.0,21.0,15.72871378063647,3.950067875759795,6.659884371337529,6.357680351056793,4.846448916099154,1.0,42.5
P0219,27.0,F,iOS,Intermediate,1.0,39.23316902130904,5.0,3.0,5.0,4.0,5.0,4.0,4.0,4.0,5.0,2.0,7.0,6.0,4.0,4.581174863028716,17.594876135162373,0.8576196768490165,5.961766289939046,6.051718756936976,2.575219519012737,1.0,67.5
P_MISSING_0009,32.0,F,iOS,Intermediate,0.0,40.48321766160173,3.0,2.0,5.0,5.0,2.0,5.0,3.0,2.0,3.0,4.0,4.0,6.0,6.0,21.0,12.163581104051232,2.128181795994638,5.16406788530361,5.545721752552936,5.442004450075975,1.0,45.0
P0221,28.0,M,iOS,Advanced,1.0,17.004057081442877,1.0,3.0,1.0,5.0,4.0,3.0,3.0,4.0,4.0,5.0,4.0,6.0,5.0,8.57206744946013,10.23077852968664,4.83162018098967,4.464551728840403,6.312882730320549,3.64660306309722,1.0,32.5
P0222,27.0,F,Android,Intermediate,1.0,105.7996106187444,2.0,5.0,5.0,4.0,4.0,5.0,2.0,3.0,5.0,5.0,6.0,4.0,5.0,16.47002644295328,8.868391883485636,3.950067875759795,6.3257900871881025,6.666055803480871,5.081065941285901,1.0,40.0
P0223,28.0,F,Android,Beginner,0.0,48.2129166958148,4.0,2.0,3.0,4.0,4.0,5.0,5.0,5.0,5.0,1.0,6.0,6.0,6.0,9.394929767539326,6.9276691264069274,5.285196086519997,4.480397140586684,5.876183059154002,2.9978240716820563,1.0,60.0
P0224,26.0,F,iOS,Beginner,1.0,12.092115580322847,5.0,5.0,4.0,4.0,5.0,5.0,5.0,1.0,1.0,4.0,6.0,6.0,6.0,19.992492622557695,11.951993462894247,3.646530248979058,6.845097199417612,6.207331977007782,4.811415360880757,1.0,52.5
P0225,35.0,M,iOS,Beginner,0.0,13.469720765837124,4.0,5.0,4.0,4.0,4.0,4.0,3.0,1.0,5.0,3.0,7.0,6.0,5.0,21.0,12.97455600590765,12.938397078200508,5.845831597361446,4.60824466205154,5.239858684808667,1.0,57.5
P0226,29.0,F,Desktop,Intermediate,1.0,47.43176514627308,4.0,1.0,4.0,1.0,4.0,2.0,4.0,4.0,4.0,5.0,4.0,6.0,5.0,7.840141422185233,13.177546442801182,3.950067875759795,6.768403116497829,6.209135029094986,4.738384924621721,1.0,67.5
P0227,38.0,F,Android,Beginner,1.0,68.08048401680571,5.0,3.0,5.0,5.0,4.0,4.0,5.0,3.0,3.0,2.0,4.0,5.0,5.0,17.47411398992585,10.888468361696102,4.544723840347016,6.762777265060995,6.051718756936976,6.0535552710221285,1.0,62.5
P0228,30.0,F,Android,Intermediate,1.0,86.90199758329607,2.0,4.0,3.0,4.0,5.0,4.0,4.0,4.0,4.0,4.0,5.0,3.0,6.0,21.0,7.49891525317182,3.950067875759795,5.206376021303028,6.847244592656159,4.811415360880757,1.0,45.0
P0229,58.0,M,Android,Intermediate,1.0,35.812472524842114,5.0,1.0,5.0,4.0,4.0,4.0,5.0,3.0,5.0,4.0,4.0,3.0,6.0,12.262310458046551,11.694899665440571,3.950067875759795,6.593795389541782,6.285960172814138,4.315816854269843,1.0,70.0
P0230,18.0,Unknown,iOS,Beginner,1.0,41.93002435528928,4.0,4.0,2.0,5.0,4.0,5.0,4.0,4.0,4.0,5.0,6.0,5.0,5.0,12.640605258372476,9.949628292114946,3.950067875759795,6.527315942168683,6.051718756936976,2.1627158763212906,1.0,37.5
P0231,29.0,M,Desktop,Advanced,1.0,44.486621128599346,2.0,4.0,1.0,4.0,2.0,3.0,5.0,4.0,4.0,4.0,6.0,6.0,5.0,11.041513610969355,12.897363839880878,3.950067875759795,5.959203634486055,5.121843494581616,4.685526363892203,1.0,37.5
P0232,36.0,F,iOS,Beginner,1.0,95.0737772037432,4.0,3.0,4.0,4.0,5.0,4.0,3.0,2.0,4.0,5.0,5.0,5.0,7.0,6.575447723097864,16.914203759557633,3.950067875759795,5.907877601893576,6.739852211897549,4.003119266198951,1.0,55.0
P0233,31.0,F,Unknown,Intermediate,1.0,146.12845323679582,5.0,4.0,4.0,4.0,3.0,3.0,4.0,4.0,4.0,3.0,4.0,7.0,4.0,21.0,5.123197358089892,3.950067875759795,4.552288827715138,6.54468864064602,3.112231621207652,1.0,55.0
P0234,38.0,M,Android,Beginner,1.0,219.77071261885828,5.0,4.0,5.0,5.0,4.0,5.0,4.0,4.0,2.0,3.0,6.0,5.0,4.0,21.0,5.553132697233809,0.4902380411668332,5.907877601893576,5.133430625110381,4.001512165910928,1.0,47.5
P0235,26.0,M,iOS,Advanced,1.0,104.39150560922263,4.0,5.0,5.0,4.0,4.0,5.0,2.0,5.0,4.0,4.0,6.0,4.0,5.0,9.983032579929084,21.0,3.950067875759795,4.512993806565888,5.810982313789302,5.515904007113698,1.0,40.0
P0236,27.0,Prefer not to say,Android,Beginner,1.0,86.10176919547439,5.0,4.0,5.0,4.0,4.0,4.0,4.0,5.0,4.0,5.0,6.0,6.0,6.0,21.0,10.005517305148343,3.950067875759795,6.4477634369494705,6.051718756936976,5.854039598274781,1.0,50.0
P0238,38.0,M,iOS,Beginner,1.0,219.77071261885828,4.0,4.0,4.0,3.0,5.0,4.0,5.0,5.0,4.0,3.0,6.0,7.0,3.0,15.733832119087507,11.146161539273448,8.815782478812402,6.4476487252749894,6.35575449956025,3.861396525886546,1.0,57.5
P0239,28.0,F,Android,Advanced,1.0,33.64411251409856,4.0,5.0,5.0,4.0,3.0,2.0,4.0,4.0,2.0,3.0,3.0,6.0,3.0,21.0,21.0,3.950067875759795,6.5682270140318595,6.682578540289406,4.811415360880757,1.0,50.0
P0240,36.0,F,Android,Beginner,1.0,219.77071261885828,4.0,5.0,5.0,1.0,4.0,5.0,5.0,5.0,4.0,4.0,4.0,4.0,6.0,7.297033704046326,6.604496885104893,3.950067875759795,5.907877601893576,6.4662601665345845,4.676417161028713,1.0,55.0
P0241,30.0,F,iOS,Intermediate,1.0,70.89321604748622,3.0,3.0,3.0,2.0,4.0,5.0,5.0,4.0,3.0,4.0,4.0,5.0,5.0,8.935340215610369,5.614499255497362,3.950067875759795,5.907877601893576,4.770317738054061,4.78821485777139,1.0,50.0
P0243,39.0,F,Android,Intermediate,1.0,38.17581077643064,1.0,4.0,3.0,3.0,5.0,4.0,2.0,4.0,5.0,2.0,4.0,4.0,6.0,8.420168405004986,8.309519398210497,3.950067875759795,6.576932561518545,6.6406732569730025,5.9061261241032055,1.0,47.5
P0244,52.0,F,iOS,Intermediate,1.0,72.29049311799263,3.0,5.0,4.0,4.0,5.0,5.0,2.0,5.0,4.0,4.0,5.0,5.0,5.0,11.347357006398497,15.00682822514257,3.950067875759795,5.907877601893576,5.512811560842138,4.388754149385725,1.0,37.5
P0245,41.0,F,Desktop,Intermediate,1.0,22.343324382100377,2.0,5.0,4.0,2.0,4.0,5.0,3.0,4.0,5.0,2.0,5.0,6.0,5.0,3.5973130194361005,21.0,3.950067875759795,5.366177001235074,6.051718756936976,3.302995710691709,1.0,50.0
P0246,53.0,F,iOS,Intermediate,1.0,25.049883006991337,3.0,4.0,5.0,3.0,4.0,2.0,4.0,4.0,2.0,3.0,6.0,3.0,7.0,5.976559322060923,9.760740844478732,3.950067875759795,5.907877601893576,6.664450200693981,4.350067194275203,1.0,55.0
P0247,28.0,M,iOS,Intermediate,1.0,219.77071261885828,2.0,4.0,5.0,4.0,5.0,2.0,3.0,4.0,3.0,5.0,5.0,4.0,5.0,6.522875505357747,10.129335073168786,3.950067875759795,6.521357967387085,6.051718756936976,5.4331197065840175,1.0,47.5
P0248,32.0,F,Android,Intermediate,1.0,16.453673200411917,4.0,5.0,4.0,5.0,5.0,5.0,4.0,4.0,4.0,3.0,5.0,5.0,4.0,21.0,21.0,16.0,6.216850314677246,6.051718756936976,6.482133070962238,1.0,47.5
P0249,39.0,F,Android,Beginner,1.0,18.0811626290351,4.0,3.0,5.0,4.0,4.0,1.0,5.0,4.0,4.0,5.0,5.0,5.0,5.0,3.909617790494748,7.956424565597795,0.1335527896877133,6.094590430922648,6.862805482680244,5.530143699374654,1.0,62.5
P0250,26.0,M,Desktop,Intermediate,0.0,30.546956133452028,4.0,4.0,4.0,5.0,1.0,4.0,1.0,5.0,3.0,3.0,4.0,6.0,3.0,19.35002207806532,6.173531356762046,6.666395128406637,5.259615093900971,5.138580015882473,5.577905679365086,1.0,30.0
P0251,31.0,Prefer not to say,Desktop,Beginner,0.0,64.87270259201507,4.0,5.0,2.0,4.0,3.0,2.0,4.0,4.0,2.0,4.0,6.0,6.0,4.0,21.0,5.166536997158977,1.2534519406230846,5.895866068409141,5.348070344535795,4.340549982265943,1.0,40.0
P0252,44.0,F,Android,Intermediate,1.0,101.14655942192896,3.0,3.0,4.0,4.0,3.0,4.0,5.0,3.0,5.0,1.0,4.0,5.0,5.0,15.012691830584046,13.987997981004124,0.7129463485891847,5.907877601893576,6.953247450116222,6.2354846468473895,1.0,62.5
P0253,37.0,F,iOS,Advanced,1.0,110.34932619638252,5.0,2.0,4.0,4.0,4.0,5.0,3.0,5.0,4.0,5.0,5.0,6.0,5.0,6.131412999177847,8.924043006543025,2.9626077136450633,6.328326513281711,6.051718756936976,5.129647522110329,1.0,47.5
P0254,35.0,M,Unknown,Beginner,0.0,179.17024537330337,4.0,5.0,4.0,3.0,3.0,4.0,4.0,2.0,3.0,4.0,5.0,6.0,5.0,6.820039504273893,8.87816369051017,8.544441655873097,4.1934404823110345,4.955284220336188,4.322528551819594,1.0,50.0
P0255,19.0,Other,iOS,Advanced,1.0,38.47574074858887,4.0,5.0,2.0,5.0,5.0,3.0,2.0,5.0,3.0,3.0,5.0,5.0,7.0,10.617338282466736,5.38218362908057,3.950067875759795,6.3450091440910885,4.807861541004073,5.379805620948411,1.0,37.5
P0256,30.0,M,Android,Beginner,1.0,49.68231418386538,4.0,4.0,2.0,4.0,5.0,5.0,3.0,5.0,4.0,3.0,6.0,4.0,3.0,8.12550876692502,9.855642411884311,3.950067875759795,5.907877601893576,6.04717741597071,5.234321646301554,1.0,42.5
P0257,42.0,F,iOS,Intermediate,1.0,43.09682647096067,4.0,5.0,3.0,4.0,4.0,3.0,3.0,1.0,5.0,4.0,6.0,5.0,5.0,12.239153651134934,9.515459275996951,3.950067875759795,4.559053886068371,4.318431838834357,4.767873672316164,1.0,55.0
P0258,27.0,M,iOS,Unknown,1.0,178.77475641876367,3.0,5.0,3.0,4.0,4.0,4.0,4.0,3.0,3.0,3.0,3.0,5.0,6.0,18.515510623658457,9.51877834293226,13.92835774632552,5.431503051429535,6.027362986558462,6.3516831690504105,1.0,45.0
P0259,55.0,M,Desktop,Intermediate,1.0,45.724833929461646,5.0,4.0,4.0,5.0,4.0,5.0,5.0,4.0,4.0,3.0,6.0,7.0,6.0,19.534300506195137,14.689700553159687,5.45818814282099,6.795773441695942,6.051718756936976,3.51990085068356,1.0,52.5
P0260,40.0,M,iOS,Beginner,1.0,219.77071261885828,5.0,4.0,4.0,4.0,3.0,4.0,5.0,4.0,4.0,5.0,6.0,5.0,5.0,4.296989341188617,7.673889179804975,3.950067875759795,5.907877601893576,6.051718756936976,4.9865441254075975,1.0,50.0
P0261,42.0,F,iOS,Intermediate,1.0,40.10397125996759,5.0,3.0,3.0,2.0,4.0,4.0,4.0,3.0,4.0,4.0,5.0,6.0,6.0,20.807056904841005,7.282766463184396,3.950067875759795,5.907877601893576,5.473788423135347,5.767655179921028,1.0,60.0
P0262,56.0,M,Android,Intermediate,1.0,19.0809625514463,1.0,3.0,4.0,3.0,4.0,4.0,5.0,5.0,4.0,3.0,5.0,6.0,4.0,12.620184738009533,8.277218516618985,1.3935796897922037,6.960751418106302,6.804346385747431,5.858808074556126,1.0,50.0
P0263,33.0,F,Android,Intermediate,0.0,174.0312798385839,2.0,4.0,4.0,5.0,5.0,4.0,3.0,3.0,5.0,5.0,5.0,5.0,5.0,6.349313775425959,20.49279634677619,10.057854863080426,5.183487056735423,4.7940511397091115,4.740700069364055,1.0,45.0
P0266,46.0,F,Android,Advanced,1.0,151.6370860053598,4.0,5.0,4.0,3.0,5.0,4.0,5.0,3.0,4.0,4.0,5.0,6.0,5.0,2.6525619813124703,9.301546323633874,0.0085308155444616,5.907877601893576,6.723253056827564,6.28722015831241,1.0,57.5
P0267,46.0,F,iOS,Intermediate,1.0,59.91455752827119,2.0,4.0,4.0,4.0,3.0,5.0,3.0,2.0,4.0,4.0,7.0,6.0,7.0,3.828302868838743,12.275516353664074,3.950067875759795,5.906887727989486,4.378613857006221,4.700689266020504,1.0,42.5
P0268,20.0,F,Android,Advanced,1.0,32.971434254185034,4.0,3.0,5.0,3.0,4.0,4.0,4.0,5.0,5.0,5.0,7.0,6.0,6.0,6.759630507404681,11.060449449021542,3.950067875759795,5.54926087931422,5.634927586965054,4.408999873036011,1.0,55.0
P0270,29.0,Unknown,Android,Beginner,1.0,89.41784937600825,3.0,4.0,5.0,3.0,5.0,5.0,2.0,5.0,1.0,5.0,7.0,5.0,7.0,21.0,9.845858101830904,0.9705441999739436,6.148088292062502,6.823083161912582,5.501913571089146,1.0,35.0
P0273,18.0,M,iOS,Intermediate,1.0,26.373860325336693,4.0,3.0,4.0,2.0,5.0,5.0,3.0,3.0,4.0,5.0,6.0,5.0,6.0,7.56565828831127,6.5335237437104325,3.950067875759795,6.650680442984324,6.051718756936976,4.36538414967802,1.0,55.0
P0274,20.0,F,iOS,Intermediate,1.0,213.99893014938428,3.0,3.0,1.0,2.0,4.0,5.0,5.0,4.0,4.0,4.0,5.0,6.0,5.0,19.20840075673339,18.997564099114975,0.2454313339925873,5.907877601893576,5.675210751750875,4.142358410774767,1.0,47.5
P0276,37.0,M,Android,Advanced,1.0,17.569621328811845,2.0,3.0,5.0,3.0,2.0,4.0,4.0,5.0,2.0,3.0,6.0,4.0,5.0,17.7698842251748,17.165539149410026,3.950067875759795,5.907877601893576,5.925153354081179,5.753265680946423,1.0,42.5
P0277,43.0,F,iOS,Intermediate,1.0,41.79392579188163,5.0,3.0,4.0,2.0,4.0,5.0,2.0,5.0,3.0,1.0,3.0,5.0,5.0,7.532952753690145,5.184646351938668,3.5743224058571847,6.139875402062065,6.978238119329558,4.180554250592601,1.0,55.0
P0278,36.0,M,Android,Intermediate,1.0,86.79197451370803,3.0,3.0,5.0,2.0,4.0,4.0,3.0,2.0,4.0,4.0,7.0,5.0,5.0,6.318223981332381,16.319897226784168,3.950067875759795,5.907877601893576,6.615689523554679,5.3250270894331235,1.0,60.0
P0279,39.0,F,iOS,Intermediate,1.0,47.82082186111787,5.0,4.0,5.0,5.0,5.0,2.0,2.0,3.0,3.0,3.0,7.0,7.0,4.0,11.157682489951323,6.535925484312801,3.950067875759795,5.907877601893576,6.403264067324093,5.3932089805746966,1.0,57.5
P0280,18.0,F,iOS,Intermediate,0.0,59.44847334853908,4.0,3.0,2.0,3.0,4.0,4.0,3.0,5.0,3.0,3.0,4.0,4.0,4.0,11.859565114977537,15.28520494881706,0.468315142002898,5.4615008442318755,5.836435728629107,4.837705660086389,1.0,45.0
P0281,33.0,F,Android,Beginner,1.0,87.89437728114477,4.0,3.0,5.0,5.0,4.0,4.0,4.0,3.0,4.0,2.0,5.0,5.0,5.0,21.0,8.571464233672586,3.950067875759795,5.907877601893576,6.613073353517538,5.683135102223384,1.0,60.0
P0282,18.0,Other,Android,Intermediate,1.0,48.64345407162595,2.0,2.0,4.0,5.0,4.0,5.0,3.0,3.0,4.0,5.0,6.0,6.0,6.0,11.19191175703433,6.6275657281797224,4.449299132637169,6.050412224909648,5.4471776359642465,5.5915466478157185,1.0,42.5
P0283,32.0,F,Android,Intermediate,1.0,193.17749734022323,2.0,5.0,5.0,3.0,2.0,4.0,5.0,4.0,3.0,2.0,6.0,4.0,3.0,21.0,12.541442783289211,4.006056182300835,6.038431358754545,6.051718756936976,5.974050475455817,1.0,47.5
P0284,36.0,M,iOS,Intermediate,1.0,30.621458102835767,4.0,4.0,3.0,4.0,5.0,4.0,5.0,4.0,5.0,1.0,5.0,5.0,3.0,14.99861553398912,11.673571906742852,13.431475773898146,6.3355727744913075,5.996069806601005,3.965298489620637,1.0,62.5
P0285,30.0,M,iOS,Advanced,1.0,116.5704421681088,5.0,3.0,2.0,4.0,5.0,3.0,1.0,4.0,2.0,5.0,5.0,5.0,6.0,10.202261391945944,18.60527700153787,3.950067875759795,6.6107003702186145,6.051718756936976,4.701087190746857,1.0,40.0
P0286,40.0,M,iOS,Beginner,0.0,55.94623106276499,4.0,4.0,4.0,4.0,4.0,5.0,1.0,3.0,2.0,5.0,6.0,5.0,6.0,9.414922911920351,5.197278734082833,2.8846006218702716,4.632653069353452,4.567839797565176,3.780431091344026,1.0,35.0
P0287,40.0,Other,Android,Advanced,1.0,88.0351135431061,5.0,3.0,4.0,4.0,2.0,3.0,5.0,2.0,5.0,5.0,6.0,5.0,4.0,11.721235024536158,15.25950669118926,7.8875859294731185,5.2213741520445005,6.430232633116786,5.897427022644176,1.0,60.0
P0288,45.0,Other,Desktop,Advanced,1.0,63.42275990618413,4.0,4.0,3.0,5.0,1.0,5.0,1.0,5.0,4.0,4.0,4.0,5.0,4.0,6.5257287770634615,11.48589727796617,3.950067875759795,5.907877601893576,6.86437313702633,4.604429661959547,1.0,25.0
P0289,18.0,M,Android,Intermediate,0.0,30.83550540086075,5.0,4.0,2.0,5.0,4.0,5.0,4.0,1.0,5.0,3.0,5.0,6.0,7.0,20.896501610286727,19.335781336312905,7.029875492593344,3.776619614768599,5.041630946291528,4.726820621349517,1.0,55.0
P0290,35.0,F,iOS,Beginner,1.0,44.50227097325642,4.0,4.0,5.0,3.0,2.0,5.0,5.0,4.0,1.0,4.0,5.0,5.0,5.0,4.313792356425757,4.00713596680113,3.950067875759795,6.571945043205442,5.927332525900468,4.600077933050514,1.0,42.5
P0291,22.0,M,Android,Advanced,1.0,62.21334926105794,5.0,3.0,4.0,4.0,2.0,5.0,4.0,5.0,4.0,2.0,5.0,3.0,5.0,18.14876394741584,10.63439127237125,3.950067875759795,5.971799949993116,6.894855180487658,3.792795266409693,1.0,50.0
P0292,26.0,F,iOS,Intermediate,1.0,19.723245032388935,2.0,5.0,3.0,3.0,5.0,5.0,3.0,5.0,4.0,5.0,7.0,3.0,4.0,7.660269161405725,6.7192272924847405,3.950067875759795,5.563146901854146,6.051718756936976,5.691535611109833,1.0,35.0
P0293,18.0,Other,Android,Beginner,1.0,22.89793661363771,2.0,2.0,4.0,5.0,3.0,2.0,5.0,5.0,4.0,3.0,3.0,5.0,6.0,21.0,5.670848125439778,7.872340557701456,6.388216594092895,6.493968695487585,4.978561037748672,1.0,52.5
P0294,28.0,M,iOS,Intermediate,1.0,22.136099697395604,5.0,4.0,3.0,5.0,3.0,4.0,4.0,4.0,4.0,3.0,6.0,6.0,6.0,15.213115531154385,9.531679614643478,3.950067875759795,5.4524449331348706,6.8969107882824146,5.1098084239723205,1.0,47.5
P0295,39.0,M,iOS,Beginner,1.0,89.23970552243219,3.0,5.0,2.0,5.0,4.0,4.0,2.0,3.0,5.0,4.0,5.0,5.0,6.0,4.555442585088949,9.23995902220525,3.950067875759795,5.907877601893576,6.110056318633493,3.07092315716224,1.0,37.5
P0296,39.0,F,Unknown,Advanced,1.0,136.64468233229795,3.0,4.0,4.0,5.0,1.0,3.0,3.0,2.0,4.0,4.0,5.0,5.0,6.0,11.331140535304122,11.064834564172248,3.950067875759795,5.907877601893576,6.051718756936976,6.106176171308196,1.0,42.5
P0297,32.0,M,iOS,Intermediate,1.0,80.81190511088445,5.0,1.0,5.0,5.0,5.0,2.0,3.0,2.0,5.0,4.0,6.0,5.0,5.0,5.45583881899592,5.994972970625875,3.950067875759795,6.682740353233813,6.8875381271903,5.44400791892787,1.0,72.5
P0298,31.0,M,iOS,Intermediate,0.0,45.28010855639013,3.0,2.0,4.0,4.0,5.0,4.0,5.0,4.0,3.0,2.0,6.0,6.0,6.0,5.959657112129341,8.057968864514871,6.497199782801574,4.399887344890777,6.0188973217420045,5.360391483522078,1.0,60.0
P0299,33.0,F,iOS,Intermediate,1.0,74.15780723584203,4.0,3.0,2.0,3.0,4.0,3.0,5.0,3.0,4.0,2.0,6.0,6.0,6.0,10.373367242370852,5.2832457753734365,3.950067875759795,5.0445816692719685,6.051718756936976,4.390430549507525,1.0,62.5
P0301,54.0,F,iOS,Intermediate,1.0,138.6013012325918,5.0,4.0,4.0,4.0,5.0,4.0,3.0,3.0,5.0,5.0,4.0,7.0,6.0,21.0,6.33303578705905,4.6940459232283835,6.542684628730582,6.411565946194052,3.93126638035418,1.0,55.0
P0302,25.0,F,iOS,Beginner,1.0,35.70264384596157,4.0,4.0,5.0,5.0,4.0,4.0,5.0,3.0,5.0,4.0,5.0,5.0,5.0,18.8194483282787,5.540114231158241,2.986624344019102,4.787861470274182,5.076643740437751,4.693622656736705,1.0,57.5
P0303,42.0,F,Android,Advanced,0.0,21.157539321700067,3.0,5.0,4.0,3.0,3.0,5.0,3.0,3.0,4.0,4.0,6.0,5.0,6.0,19.427404299653077,10.129335073168786,1.2238020441081885,5.59838276659817,6.004908874301512,4.6029788646199625,1.0,42.5
P0305,30.0,F,Desktop,Beginner,1.0,32.52045100366919,4.0,2.0,3.0,2.0,2.0,3.0,4.0,4.0,4.0,3.0,3.0,5.0,4.0,5.4840073746791616,11.019829185937684,3.950067875759795,5.923561713332324,5.884224297455783,5.282073765995834,1.0,57.5
P0306,43.0,M,Android,Intermediate,1.0,149.49726911112558,4.0,2.0,3.0,3.0,5.0,3.0,4.0,3.0,4.0,2.0,6.0,5.0,6.0,4.427756330728977,9.4179273064193,3.950067875759795,6.791798061679489,6.562082160644651,5.965436860844476,1.0,67.5
P0307,20.0,F,Desktop,Intermediate,1.0,120.89356346465154,5.0,4.0,4.0,3.0,2.0,4.0,3.0,2.0,5.0,4.0,7.0,5.0,6.0,15.3565470403959,11.444084520272847,3.950067875759795,5.675958308721675,5.553502086349193,4.887735142062764,1.0,55.0
P0308,52.0,F,iOS,Unknown,1.0,94.18954351319378,5.0,3.0,5.0,3.0,4.0,4.0,4.0,4.0,5.0,5.0,5.0,6.0,3.0,9.899592657412256,11.865962340330697,3.950067875759795,6.056270061416496,6.103984387424811,5.507207006743373,1.0,60.0
P0309,45.0,M,iOS,Intermediate,1.0,84.84698785887824,3.0,3.0,5.0,2.0,4.0,5.0,5.0,5.0,2.0,4.0,4.0,6.0,5.0,5.367636352176378,7.164551698329269,3.950067875759795,6.089182294356014,6.988136830321471,5.526691347373622,1.0,50.0
P0311,28.0,F,iOS,Beginner,1.0,80.50488888927912,3.0,3.0,4.0,1.0,3.0,4.0,4.0,3.0,5.0,3.0,4.0,5.0,5.0,10.265353922099662,7.085907007937624,3.950067875759795,4.2803383415089264,6.051718756936976,4.59722898992214,1.0,62.5
P0312,38.0,F,Desktop,Advanced,1.0,81.13483914821201,2.0,1.0,5.0,3.0,5.0,5.0,4.0,4.0,5.0,4.0,5.0,5.0,5.0,18.98689211247128,8.869684952002347,3.950067875759795,5.805262774650542,6.051718756936976,5.131930469318504,1.0,60.0
P0313,29.0,Prefer not to say,Android,Beginner,1.0,120.21197376516,4.0,2.0,1.0,5.0,2.0,3.0,4.0,2.0,5.0,1.0,7.0,6.0,4.0,17.025836105479357,13.707415995527551,0.0589146838516709,6.6929048318943485,6.051718756936976,3.6324804171934537,1.0,57.5
P0314,36.0,F,Desktop,Beginner,1.0,46.51198821927894,3.0,4.0,5.0,4.0,3.0,1.0,5.0,4.0,5.0,4.0,7.0,7.0,6.0,5.435777027343137,9.82750800226436,5.136974011863389,5.907877601893576,6.215669900018577,5.471202676484268,1.0,60.0
P0315,41.0,M,Desktop,Intermediate,1.0,64.87270259201507,4.0,4.0,4.0,5.0,4.0,4.0,4.0,5.0,5.0,5.0,5.0,4.0,5.0,7.083541172163674,5.90823869781963,3.950067875759795,5.907877601893576,6.490512145770469,3.818459584861752,1.0,45.0
P0316,45.0,F,Android,Advanced,1.0,50.872157083749485,2.0,4.0,5.0,4.0,4.0,4.0,4.0,4.0,4.0,5.0,5.0,5.0,5.0,10.313185936037891,11.006649817088023,3.950067875759795,6.831841451733736,6.051718756936976,3.941925458074086,1.0,45.0
P0318,34.0,M,iOS,Advanced,0.0,107.19753881201537,2.0,5.0,5.0,2.0,4.0,5.0,3.0,5.0,5.0,5.0,7.0,5.0,7.0,9.860188228216598,2.8146852334347576,0.6656357359307885,5.0719192626552,5.573551779544963,6.416134092867271,1.0,42.5
P0320,42.0,Prefer not to say,Desktop,Advanced,1.0,122.86077649856756,4.0,4.0,5.0,3.0,5.0,3.0,2.0,1.0,4.0,3.0,5.0,4.0,6.0,18.403104049379028,7.940363840224475,3.950067875759795,5.553386090830678,6.051718756936976,5.089413989324792,1.0,65.0
P0321,18.0,F,Android,Advanced,1.0,82.78355232493217,4.0,5.0,5.0,4.0,5.0,5.0,4.0,4.0,3.0,3.0,5.0,3.0,6.0,10.598654291857262,15.325515175648473,3.950067875759795,5.907877601893576,6.3711512371563295,5.354592198068579,1.0,50.0
P0322,36.0,F,Desktop,Beginner,0.0,14.2510123171379,5.0,3.0,5.0,5.0,2.0,1.0,5.0,5.0,4.0,3.0,6.0,4.0,3.0,21.0,10.753363554490686,5.909631466332229,3.839824493861822,4.268564385598805,5.330769771995495,1.0,60.0
P0323,46.0,F,iOS,Advanced,1.0,69.92099096426809,4.0,3.0,5.0,3.0,5.0,5.0,5.0,2.0,4.0,5.0,7.0,6.0,5.0,21.0,9.606574305632725,3.950067875759795,5.907877601893576,5.711695760073452,4.406007792541138,1.0,62.5
P0325,35.0,M,Android,Intermediate,1.0,50.76185060734753,5.0,4.0,4.0,3.0,3.0,4.0,4.0,5.0,5.0,5.0,4.0,6.0,5.0,21.0,9.4680022636704,3.950067875759795,6.600072604057254,6.169709129907684,6.2064167071356495,1.0,50.0
P0326,46.0,F,iOS,Advanced,1.0,142.53186253483142,2.0,5.0,4.0,5.0,3.0,2.0,4.0,5.0,5.0,4.0,6.0,5.0,6.0,19.259488095049683,5.092000286636148,3.950067875759795,5.907877601893576,5.939929001793708,2.271820560617921,1.0,42.5
P0327,26.0,F,Android,Beginner,1.0,68.81616794285415,5.0,5.0,5.0,5.0,4.0,3.0,4.0,5.0,4.0,3.0,6.0,6.0,4.0,21.0,16.95100683494888,9.836925178070404,5.819783102706867,6.051718756936976,3.4237648249741506,1.0,52.5
P0328,27.0,M,Android,Advanced,1.0,39.78646590649017,3.0,3.0,2.0,5.0,3.0,2.0,4.0,4.0,3.0,5.0,4.0,4.0,4.0,21.0,6.835901190753529,4.579849055863951,6.439157924563846,6.782926014161189,4.996131439464043,1.0,40.0
P0329,19.0,M,iOS,Advanced,1.0,59.04315518115015,4.0,3.0,4.0,5.0,3.0,2.0,5.0,3.0,4.0,2.0,6.0,5.0,6.0,6.513575750924171,13.530738707918342,3.950067875759795,6.572910277440161,6.051718756936976,3.68566540917278,1.0,62.5
P0330,43.0,F,iOS,Intermediate,1.0,104.81488099710792,5.0,4.0,4.0,5.0,5.0,3.0,5.0,4.0,5.0,1.0,5.0,7.0,6.0,15.298973174912726,13.64350073725,3.950067875759795,5.907877601893576,6.49830182245111,3.919924578900712,1.0,67.5
P0332,30.0,M,Android,Advanced,1.0,63.69586153930124,5.0,4.0,3.0,4.0,3.0,4.0,4.0,5.0,5.0,5.0,4.0,6.0,5.0,21.0,14.364768661755445,0.7387476226880328,5.265449925196187,5.033598673198993,4.484531859032588,1.0,45.0
P0333,30.0,M,iOS,Beginner,1.0,56.98568523509031,5.0,5.0,5.0,4.0,3.0,4.0,4.0,3.0,3.0,1.0,6.0,6.0,7.0,13.42409301978569,14.525943066828024,4.7410307864622645,5.907877601893576,6.051718756936976,6.127612122338251,1.0,57.5
P0335,60.0,Other,iOS,Advanced,1.0,88.98547442931208,4.0,2.0,3.0,5.0,5.0,4.0,5.0,3.0,1.0,5.0,4.0,4.0,5.0,21.0,5.869747967061286,3.950067875759795,6.694604839892883,5.628259575399281,4.039499280516506,1.0,47.5
P0338,31.0,M,Android,Intermediate,1.0,47.07052645372452,4.0,5.0,4.0,4.0,5.0,4.0,4.0,5.0,5.0,4.0,4.0,6.0,5.0,13.221769049697537,5.067783999243596,3.950067875759795,5.907877601893576,6.924680038195735,2.3089203273290453,1.0,50.0
P0339,29.0,F,Desktop,Beginner,1.0,219.77071261885828,3.0,5.0,5.0,3.0,3.0,3.0,3.0,5.0,3.0,3.0,5.0,5.0,6.0,6.785568986416269,19.284690062891855,1.3226294347638188,6.671716044030585,5.564835278927467,5.454111984268361,1.0,45.0
P0340,41.0,F,Android,Intermediate,0.0,85.15567800549168,3.0,3.0,4.0,4.0,4.0,5.0,3.0,2.0,5.0,3.0,5.0,6.0,4.0,10.71112640019434,21.0,2.407247623522638,1.3654062010170231,4.634431950060757,4.930650676118674,1.0,55.0
P0341,52.0,M,Android,Intermediate,1.0,11.514283221124984,5.0,5.0,2.0,4.0,5.0,5.0,1.0,2.0,4.0,4.0,6.0,5.0,4.0,10.10234033676882,15.65762792336533,3.950067875759795,5.907877601893576,6.75394731381201,4.057604310651056,1.0,42.5
P0342,44.0,Other,Desktop,Advanced,1.0,36.152835905595104,4.0,5.0,2.0,3.0,2.0,4.0,5.0,3.0,4.0,4.0,4.0,6.0,5.0,9.349195461571007,7.071240342560985,3.950067875759795,4.942882091508354,5.523300092600181,4.538675101990717,1.0,45.0
P0343,31.0,F,Desktop,Advanced,1.0,96.3407136158422,5.0,4.0,4.0,4.0,4.0,3.0,4.0,5.0,5.0,4.0,5.0,7.0,6.0,21.0,11.743547648714074,3.950067875759795,5.209965714768235,6.946760864176505,5.452047523333553,1.0,55.0
P0344,28.0,F,Desktop,Advanced,1.0,27.231155538118664,4.0,5.0,4.0,4.0,4.0,5.0,3.0,2.0,5.0,4.0,6.0,5.0,7.0,20.12891169354578,9.784681813887186,3.950067875759795,6.880971985626272,6.051718756936976,4.802659951348804,1.0,50.0
P0345,18.0,F,Android,Beginner,1.0,219.77071261885828,5.0,2.0,1.0,4.0,1.0,4.0,4.0,5.0,4.0,4.0,4.0,6.0,5.0,21.0,6.805361018172742,3.950067875759795,5.907877601893576,5.26180468653678,3.771596070423165,1.0,40.0
P0346,42.0,M,iOS,Beginner,1.0,55.83072242684976,3.0,5.0,4.0,3.0,1.0,5.0,4.0,4.0,5.0,5.0,6.0,5.0,5.0,9.89062042096051,8.574245924066158,16.0,5.907877601893576,6.541229961635739,5.063665032708146,1.0,37.5
P0347,51.0,F,iOS,Intermediate,0.0,66.8184286096494,3.0,5.0,3.0,5.0,2.0,3.0,3.0,4.0,4.0,3.0,4.0,4.0,6.0,19.569271595012463,10.19166898611802,0.1075298737313815,2.30258507544155,4.65688163858596,5.667361593064533,1.0,37.5
P0348,50.0,F,iOS,Advanced,1.0,33.802179618694176,5.0,5.0,4.0,4.0,5.0,5.0,5.0,3.0,4.0,2.0,5.0,5.0,5.0,13.54623938033519,11.686013003727924,8.703691895782718,6.842442735948126,6.847788870943771,3.5924836141700975,1.0,60.0
P0349,37.0,M,Android,Advanced,1.0,107.68861333120157,5.0,2.0,2.0,5.0,5.0,4.0,4.0,4.0,5.0,4.0,4.0,6.0,4.0,6.530678922536123,10.129335073168786,3.950067875759795,5.907877601893576,6.439233204915105,5.9998896839664635,1.0,55.0
P0350,52.0,M,Android,Intermediate,1.0,25.93146535729735,4.0,1.0,4.0,3.0,5.0,5.0,3.0,4.0,4.0,4.0,6.0,6.0,6.0,16.009074754006704,14.304768138420377,0.5135161687887422,5.907877601893576,6.051718756936976,5.608695705018619,1.0,57.5
P0352,46.0,M,iOS,Intermediate,1.0,35.09305533485767,5.0,4.0,3.0,5.0,3.0,1.0,4.0,1.0,2.0,5.0,5.0,6.0,6.0,10.891315735658466,17.70176185781714,3.950067875759795,6.387092977763564,6.066892450814151,4.187254070905875,1.0,52.5
P0353,36.0,F,iOS,Intermediate,1.0,185.1988098846279,3.0,3.0,3.0,1.0,2.0,5.0,3.0,5.0,2.0,4.0,5.0,5.0,6.0,21.0,21.0,3.950067875759795,6.295104333279776,5.877525393966556,4.7187123493104615,1.0,37.5
P0354,37.0,F,Desktop,Intermediate,1.0,49.336751443100866,1.0,3.0,5.0,1.0,2.0,4.0,5.0,5.0,2.0,4.0,4.0,6.0,5.0,21.0,8.301801685542207,15.393241585640368,5.617592455299233,6.226172982963441,3.3328198169132497,1.0,45.0
P0355,34.0,F,iOS,Beginner,1.0,43.37004830144006,5.0,5.0,5.0,4.0,3.0,5.0,1.0,5.0,4.0,4.0,7.0,6.0,5.0,14.984795052971236,17.38383650762562,3.950067875759795,5.907877601893576,6.60164162125394,5.613038187829195,1.0,37.5
P0356,56.0,F,Android,Beginner,1.0,58.72885162265986,4.0,3.0,4.0,5.0,4.0,5.0,4.0,4.0,5.0,5.0,6.0,6.0,6.0,9.498513845472951,6.934406464679956,6.853980826603918,5.907877601893576,6.051718756936976,2.7834446486302893,1.0,47.5
P0357,37.0,Prefer not to say,Android,Unknown,1.0,54.98679782922429,3.0,3.0,1.0,5.0,5.0,4.0,5.0,4.0,3.0,3.0,6.0,6.0,4.0,10.962257949027396,14.857649496343043,4.858501531758776,6.881075573848089,6.051718756936976,5.5635372066229225,1.0,45.0
P0358,57.0,M,Android,Intermediate,1.0,52.52181365534975,4.0,5.0,3.0,1.0,4.0,3.0,5.0,4.0,4.0,5.0,6.0,5.0,5.0,13.016690889957848,12.935132258852116,0.032858271602409,5.907877601893576,5.847409014845855,4.630031189383566,1.0,55.0
P0359,35.0,F,Android,Beginner,1.0,17.512543110618353,2.0,4.0,4.0,1.0,5.0,3.0,4.0,1.0,5.0,4.0,7.0,4.0,6.0,17.365267938076318,3.149080073584372,3.950067875759795,5.163786530786552,6.051718756936976,5.6368699630528845,1.0,67.5
P0360,35.0,F,iOS,Intermediate,1.0,219.77071261885828,3.0,4.0,3.0,5.0,5.0,3.0,3.0,3.0,4.0,4.0,6.0,5.0,5.0,19.40416287285557,7.728936625737698,1.3883997995039363,4.873052814739696,6.132771512654744,3.856994619125163,1.0,47.5
P0361,48.0,F,Android,Advanced,1.0,11.3479603531782,3.0,5.0,4.0,4.0,4.0,3.0,3.0,2.0,4.0,4.0,4.0,3.0,5.0,10.792671383759696,7.416276286928728,3.950067875759795,6.96725800753183,6.909027492121799,3.992654925091535,1.0,50.0
P0362,46.0,F,Android,Intermediate,1.0,76.2561944647979,5.0,3.0,2.0,5.0,4.0,5.0,4.0,4.0,5.0,4.0,6.0,4.0,6.0,12.874663269620475,18.407920613716698,3.950067875759795,5.907877601893576,6.575558174162055,6.026611995572843,1.0,47.5
P0363,43.0,F,Android,Intermediate,1.0,95.96614050479424,5.0,3.0,4.0,5.0,5.0,5.0,2.0,4.0,4.0,4.0,6.0,5.0,5.0,13.568963497033888,12.891770901210156,3.950067875759795,5.094999770121587,6.5381423145492965,4.624108026067708,1.0,47.5
P0364,36.0,M,Desktop,Intermediate,1.0,130.69070259451502,4.0,3.0,4.0,2.0,5.0,3.0,5.0,5.0,5.0,2.0,6.0,6.0,6.0,6.323891253718652,18.99606687618944,4.27774048969999,6.373673184636501,6.674635636963937,4.560612063469149,1.0,70.0
P0365,38.0,F,Android,Intermediate,1.0,35.758395478611064,4.0,4.0,3.0,5.0,4.0,5.0,5.0,5.0,4.0,3.0,5.0,3.0,6.0,13.181343131930396,5.77659525211342,1.9311684662535311,4.4770474866171,6.051718756936976,4.914937001339265,1.0,45.0
P0366,18.0,M,Android,Advanced,1.0,25.39746340751504,5.0,4.0,5.0,3.0,1.0,3.0,2.0,5.0,3.0,5.0,7.0,6.0,5.0,12.358896929906251,15.963210952265154,3.950067875759795,6.581352742466901,6.051718756936976,3.768235220286021,1.0,40.0
P0368,19.0,F,Android,Unknown,0.0,71.21827202900313,5.0,2.0,4.0,5.0,4.0,4.0,3.0,3.0,3.0,3.0,3.0,4.0,6.0,13.165137108933193,20.25290661110404,1.8693058476175552,4.278927665447746,5.358272524305128,5.007261023672726,1.0,55.0
P0370,38.0,F,Android,Intermediate,1.0,33.12665642248354,5.0,4.0,4.0,3.0,4.0,1.0,3.0,4.0,4.0,3.0,6.0,5.0,6.0,18.426419455794875,17.765765337018188,6.38715133458189,5.907877601893576,6.640442037521609,5.6039681920217355,1.0,62.5
P0371,39.0,M,iOS,Advanced,1.0,85.27997830174614,5.0,4.0,3.0,5.0,5.0,5.0,2.0,5.0,3.0,4.0,6.0,6.0,5.0,21.0,13.906379177477469,3.950067875759795,5.907877601893576,6.051718756936976,3.4205606227305765,1.0,37.5
P0372,18.0,F,Android,Intermediate,1.0,3.459931581973875,3.0,2.0,5.0,5.0,1.0,4.0,5.0,3.0,4.0,5.0,7.0,7.0,4.0,7.440770289556451,21.0,0.8865820896892203,5.570273487286812,6.88996663374614,5.5485108532246965,1.0,47.5
P0373,29.0,M,Desktop,Advanced,0.0,26.81258706667137,5.0,4.0,5.0,2.0,4.0,4.0,4.0,3.0,4.0,4.0,5.0,5.0,5.0,20.160623057600727,12.028897309268478,4.849797402278526,4.608808688590866,3.891080188112313,4.487280805531098,1.0,62.5
P0374,31.0,M,iOS,Intermediate,1.0,8.491101754185916,5.0,1.0,4.0,4.0,5.0,1.0,4.0,4.0,5.0,5.0,6.0,6.0,5.0,21.0,21.0,0.3254652319357323,6.574272372694666,5.910900840060155,4.820833242751112,1.0,70.0
P0375,37.0,F,Android,Advanced,1.0,59.41550433696582,1.0,4.0,3.0,5.0,5.0,5.0,3.0,4.0,3.0,4.0,7.0,4.0,5.0,14.28244707412974,18.219701378133372,3.950067875759795,5.907877601893576,5.826280282001094,3.3822211864512743,1.0,32.5
P0376,23.0,M,iOS,Beginner,1.0,71.50529154165673,4.0,4.0,3.0,4.0,4.0,5.0,4.0,4.0,5.0,4.0,4.0,3.0,7.0,8.306487540902731,10.68702505990334,3.950067875759795,4.398385906786847,5.865776738587393,3.0059501079430335,1.0,47.5
P0377,32.0,F,Android,Intermediate,0.0,55.71628268903472,5.0,3.0,4.0,2.0,5.0,3.0,5.0,3.0,3.0,2.0,6.0,7.0,6.0,12.03006703125765,16.061647425829257,1.6512079225600684,5.238025923285763,5.417207518453839,3.959881915817816,1.0,72.5
P0378,26.0,M,iOS,Advanced,1.0,40.30360569951688,4.0,3.0,5.0,5.0,4.0,4.0,5.0,4.0,3.0,5.0,5.0,6.0,5.0,13.795486001099068,4.769634880151208,1.6087396632609998,5.907877601893576,6.051718756936976,4.221211354815116,1.0,50.0
P0379,36.0,F,iOS,Intermediate,1.0,219.77071261885828,5.0,2.0,4.0,3.0,2.0,3.0,3.0,4.0,4.0,5.0,6.0,3.0,5.0,4.046631946248779,10.73217752364699,8.622752537896014,5.907877601893576,5.040206606809423,3.3291672061706556,1.0,52.5
P0381,38.0,F,Android,Beginner,0.0,22.32423514357206,4.0,3.0,2.0,5.0,2.0,5.0,1.0,5.0,2.0,5.0,5.0,5.0,6.0,10.506263220514716,9.586808015089863,1.0788429206522028,2.4463432646262495,3.6114952103890743,5.639213987944999,1.0,20.0
P0382,44.0,F,Android,Intermediate,1.0,48.314137093055045,5.0,4.0,4.0,5.0,4.0,4.0,4.0,4.0,5.0,3.0,6.0,6.0,4.0,11.856642643902408,4.019418808077484,3.950067875759795,5.672803574091133,6.983960776179162,4.988520382790232,1.0,55.0
P0383,31.0,M,Desktop,Advanced,1.0,38.3278399043868,3.0,4.0,4.0,4.0,5.0,1.0,4.0,3.0,4.0,4.0,6.0,5.0,6.0,21.0,4.74794084400071,3.950067875759795,5.749699598117834,6.350702947752373,4.331290882041454,1.0,60.0
P0384,27.0,M,Android,Beginner,0.0,219.77071261885828,5.0,5.0,3.0,4.0,3.0,3.0,4.0,4.0,4.0,4.0,5.0,7.0,5.0,4.5700837180071785,11.404521329997326,2.7305519180268427,2.985338939385958,4.419919400245335,3.2272272954439156,1.0,47.5
P0385,32.0,M,Desktop,Beginner,1.0,219.77071261885828,5.0,4.0,4.0,1.0,5.0,5.0,4.0,4.0,4.0,4.0,6.0,5.0,4.0,20.12000591448873,8.094571093762212,3.950067875759795,5.907877601893576,6.051718756936976,4.02453459730003,1.0,60.0
P0386,35.0,Other,iOS,Intermediate,1.0,51.457291656380534,5.0,4.0,4.0,4.0,2.0,4.0,4.0,4.0,2.0,3.0,5.0,6.0,6.0,5.72783842665921,7.600136387990595,2.8831028876206135,5.907877601893576,6.051718756936976,5.469705585232922,1.0,45.0
P0388,33.0,F,Desktop,Beginner,1.0,55.10692502928455,4.0,3.0,5.0,5.0,5.0,4.0,5.0,3.0,3.0,5.0,6.0,6.0,5.0,2.941633493997677,7.204748795125888,3.950067875759795,5.907877601893576,6.092981798996542,2.641079911924472,1.0,55.0
P0389,43.0,M,iOS,Intermediate,1.0,104.15988053332536,4.0,4.0,3.0,5.0,4.0,5.0,1.0,2.0,2.0,4.0,7.0,6.0,6.0,11.00257179433382,10.109019877858929,3.950067875759795,5.907877601893576,6.187043038312952,2.632311037294004,1.0,35.0
P0391,34.0,F,iOS,Intermediate,1.0,60.64217449175379,4.0,3.0,4.0,4.0,4.0,2.0,4.0,5.0,3.0,5.0,7.0,4.0,3.0,17.719305193711076,8.65770006800757,3.950067875759795,6.725457431167946,6.051718756936976,5.094837334355541,1.0,50.0
P0392,49.0,F,iOS,Advanced,1.0,12.45529225375214,4.0,2.0,3.0,3.0,2.0,5.0,4.0,4.0,4.0,4.0,5.0,3.0,3.0,8.418532878931028,9.553089355845271,3.950067875759795,5.907877601893576,5.558151797830096,4.648952150954156,1.0,47.5
P0393,46.0,Other,iOS,Advanced,1.0,219.77071261885828,1.0,4.0,2.0,3.0,2.0,4.0,4.0,3.0,4.0,5.0,5.0,6.0,7.0,7.892125201518622,11.649926221501271,3.950067875759795,5.1746211318859485,6.608539879139935,2.5352641774158142,1.0,35.0
P0394,49.0,M,iOS,Intermediate,1.0,93.62569129953364,5.0,4.0,5.0,4.0,1.0,4.0,4.0,4.0,4.0,3.0,6.0,5.0,6.0,18.167217076132385,11.321672971091362,12.541880400488264,6.793521225142387,5.19784366983889,4.237648663218888,1.0,50.0
P0396,51.0,M,Android,Intermediate,0.0,6.2763214623793955,4.0,3.0,1.0,5.0,4.0,2.0,5.0,4.0,5.0,4.0,6.0,5.0,5.0,12.262310458046551,11.681105112658456,3.147960707403557,4.9824223850490945,4.495146500784351,4.539588196445227,1.0,52.5
P0397,23.0,F,Android,Beginner,1.0,69.41688753861936,4.0,5.0,4.0,3.0,4.0,5.0,4.0,5.0,4.0,1.0,5.0,6.0,6.0,15.009289272520446,8.230564998576035,3.950067875759795,5.907877601893576,6.476473418872767,2.9014988523666445,1.0,52.5
P0399,44.0,M,iOS,Intermediate,1.0,218.0918274259522,5.0,3.0,4.0,3.0,3.0,5.0,5.0,4.0,4.0,4.0,7.0,6.0,6.0,15.651695400018768,4.294134752900302,4.2247909768165215,5.907877601893576,6.429530962710107,4.6574872474834805,1.0,55.0
P0400,60.0,F,Android,Intermediate,1.0,173.7900236742135,5.0,5.0,3.0,3.0,4.0,1.0,3.0,3.0,3.0,3.0,3.0,3.0,6.0,2.456148615511939,7.182524592360546,3.950067875759795,5.907877601893576,6.814712907316358,6.074592558791003,1.0,57.5
P0401,35.0,M,iOS,Beginner,1.0,78.2446649340298,3.0,4.0,5.0,4.0,4.0,4.0,1.0,4.0,5.0,4.0,5.0,5.0,6.0,9.018535368492046,6.848792101844238,3.950067875759795,6.3802003543532075,6.067008514389603,3.26287219666677,1.0,45.0
P0402,54.0,M,Desktop,Intermediate,1.0,40.17465536743674,4.0,4.0,4.0,4.0,5.0,5.0,4.0,5.0,4.0,4.0,6.0,5.0,6.0,7.836058904878038,10.129335073168786,3.950067875759795,5.907877601893576,6.755923376995138,5.132051260314395,1.0,47.5
P0403,28.0,M,iOS,Intermediate,1.0,70.15462846649507,5.0,3.0,4.0,5.0,4.0,3.0,5.0,3.0,4.0,3.0,5.0,3.0,5.0,8.245627637438416,16.996076629478143,3.950067875759795,4.08949647708026,5.095031558373274,5.793175593055668,1.0,62.5
P0404,25.0,M,iOS,Intermediate,1.0,166.28744278486485,1.0,5.0,5.0,3.0,5.0,3.0,1.0,2.0,5.0,4.0,6.0,6.0,7.0,13.848464464991183,4.4087117911076845,4.400193439870751,6.398188124290054,6.7953354272839706,3.2509964032629632,1.0,50.0
P0406,23.0,Other,Desktop,Intermediate,1.0,52.02271729968912,3.0,4.0,4.0,2.0,5.0,4.0,4.0,3.0,4.0,4.0,6.0,4.0,6.0,21.0,21.0,4.783150351393644,5.907877601893576,5.711153284159936,3.527155523644849,1.0,57.5
P0407,32.0,M,Android,Beginner,1.0,111.67660671746458,4.0,3.0,4.0,4.0,4.0,4.0,4.0,2.0,5.0,1.0,7.0,5.0,7.0,8.109379842336859,8.29147837903918,3.950067875759795,4.660686770668635,6.051718756936976,5.786902943938927,1.0,67.5
P0409,18.0,M,Desktop,Beginner,1.0,83.95411149366676,5.0,4.0,5.0,2.0,5.0,4.0,5.0,2.0,3.0,5.0,4.0,6.0,7.0,12.493382891173944,16.86082005288815,2.1883055586532185,5.3650351999833745,6.834251337056934,2.9554683719925725,1.0,65.0
P0410,51.0,Other,iOS,Beginner,1.0,119.25281931626007,5.0,4.0,5.0,5.0,3.0,5.0,5.0,5.0,4.0,3.0,6.0,4.0,6.0,19.71827315936116,11.939161869185815,3.950067875759795,5.907877601893576,6.679288297253681,4.304197878008367,1.0,50.0
P0411,49.0,M,Android,Beginner,1.0,219.77071261885828,5.0,5.0,4.0,5.0,5.0,4.0,3.0,3.0,5.0,3.0,7.0,5.0,5.0,8.984624482095194,9.905881466517345,4.6664611223848365,5.520465646701176,5.1994881156396335,6.401179529282777,1.0,55.0
P0412,65.0,F,iOS,Intermediate,1.0,119.41054427114624,3.0,1.0,4.0,4.0,3.0,5.0,5.0,3.0,5.0,4.0,6.0,5.0,6.0,16.54327983108567,10.431938736861202,3.950067875759795,5.4166162314472945,5.704248094703434,5.582155773765818,1.0,57.5
P0413,42.0,F,Desktop,Intermediate,1.0,118.79036249224524,3.0,4.0,1.0,4.0,4.0,2.0,2.0,4.0,4.0,4.0,7.0,4.0,4.0,9.619641779219796,16.530090285519105,3.950067875759795,4.644513968838498,6.029611608434505,4.624624497399693,1.0,40.0
P0414,52.0,F,Android,Advanced,1.0,110.80653298822544,3.0,3.0,5.0,4.0,1.0,4.0,3.0,3.0,5.0,1.0,7.0,5.0,3.0,15.05372736826027,8.886020942350713,3.950067875759795,6.726792847592679,6.051718756936976,5.747221072250202,1.0,55.0
P0415,47.0,M,iOS,Intermediate,1.0,75.08367171117571,3.0,5.0,4.0,5.0,5.0,4.0,3.0,5.0,3.0,4.0,5.0,6.0,6.0,21.0,4.0919035949255145,3.950067875759795,5.907877601893576,6.051718756936976,4.712747004878951,1.0,37.5
P0416,38.0,M,iOS,Intermediate,0.0,26.17472040579278,2.0,5.0,4.0,4.0,5.0,4.0,3.0,3.0,5.0,4.0,3.0,6.0,7.0,16.220334140789365,10.78466196903553,0.9310582850135952,4.833659161445757,5.5197771859817415,4.213238837363327,1.0,47.5
P0417,43.0,F,iOS,Beginner,1.0,169.8956683435888,1.0,5.0,3.0,4.0,3.0,3.0,3.0,5.0,2.0,4.0,6.0,5.0,7.0,21.0,16.951591932783234,3.950067875759795,6.6009562418926055,6.051718756936976,4.187847670503568,1.0,27.5
P0418,19.0,M,Desktop,Intermediate,1.0,166.58336390977905,3.0,4.0,5.0,5.0,4.0,5.0,5.0,4.0,3.0,5.0,6.0,5.0,5.0,21.0,4.6232540783967355,3.950067875759795,5.438653728436295,6.279592023244892,4.771656659072809,1.0,42.5
P0419,34.0,M,Android,Intermediate,1.0,64.21320451452185,2.0,4.0,3.0,5.0,2.0,5.0,2.0,4.0,5.0,2.0,5.0,5.0,5.0,16.05928938103291,10.75746430966105,3.950067875759795,6.185715322915216,6.7248047436460805,4.182807255109507,1.0,35.0
P0420,28.0,F,iOS,Intermediate,1.0,56.63211046814018,3.0,4.0,3.0,4.0,1.0,4.0,5.0,4.0,5.0,5.0,6.0,5.0,5.0,6.389195968073806,4.491603854604616,3.950067875759795,5.993697487308857,5.857670902559583,5.411907813909312,1.0,40.0
P0421,46.0,F,iOS,Beginner,1.0,50.39491391169294,5.0,5.0,5.0,3.0,4.0,5.0,4.0,4.0,4.0,4.0,4.0,3.0,5.0,12.937232593479376,10.129335073168786,4.005442353595759,5.907877601893576,5.2674514312780385,3.6229949846248006,1.0,52.5
P0422,26.0,F,iOS,Beginner,1.0,90.0686975583743,4.0,2.0,4.0,5.0,4.0,5.0,4.0,4.0,4.0,2.0,6.0,5.0,5.0,21.0,9.56737723253807,6.339660096684742,6.7908538675993215,6.051718756936976,5.724183918750537,1.0,55.0
P0423,18.0,M,iOS,Intermediate,1.0,115.87614766633077,5.0,4.0,4.0,2.0,3.0,5.0,4.0,3.0,4.0,5.0,4.0,4.0,5.0,10.017022043277423,13.869824322882469,0.9220690377211148,6.272146382696896,6.543946150767894,5.298010772769078,1.0,52.5
P0424,32.0,F,iOS,Advanced,1.0,99.4312768559343,5.0,4.0,3.0,4.0,3.0,3.0,5.0,1.0,4.0,4.0,7.0,5.0,4.0,20.362781108042583,15.805825066955348,3.950067875759795,4.7564112418813105,6.578269704294023,6.014587184734489,1.0,60.0
P_MISSING_0012,37.0,F,iOS,Beginner,1.0,219.77071261885828,4.0,3.0,2.0,5.0,1.0,4.0,4.0,5.0,3.0,4.0,3.0,6.0,6.0,16.235162055376218,5.705141179695023,3.950067875759795,6.864818250234459,6.768452253566948,6.316174527393329,1.0,32.5
P0426,37.0,M,iOS,Intermediate,1.0,64.09994481105599,5.0,4.0,3.0,4.0,4.0,5.0,4.0,3.0,5.0,4.0,4.0,4.0,7.0,8.391513725244334,5.359691053286621,3.950067875759795,4.999047412339851,6.444891531035068,5.390113102422321,1.0,52.5
P0427,41.0,F,Android,Intermediate,1.0,219.77071261885828,4.0,4.0,5.0,4.0,5.0,4.0,4.0,5.0,4.0,4.0,4.0,5.0,7.0,3.817216956655816,21.0,11.272475386170132,5.613570125715774,6.629925595820392,3.612873925485519,1.0,52.5
P0428,18.0,F,iOS,Beginner,1.0,90.56452756119032,3.0,5.0,3.0,5.0,3.0,4.0,5.0,4.0,5.0,2.0,6.0,4.0,3.0,6.942549706216894,9.416062199182647,9.747991009537383,5.632638801959257,6.051718756936976,5.757519649076964,1.0,47.5
P0429,47.0,M,iOS,Beginner,1.0,48.20536828055624,3.0,4.0,4.0,4.0,4.0,4.0,5.0,3.0,4.0,4.0,6.0,5.0,4.0,9.64276762620922,1.908781992018387,9.757678692023768,6.467037772149585,5.736080334833485,3.3035557731941996,1.0,52.5
P0430,44.0,F,iOS,Advanced,1.0,219.77071261885828,5.0,2.0,3.0,3.0,5.0,5.0,4.0,5.0,3.0,4.0,7.0,3.0,7.0,12.262310458046551,17.850811682722746,6.584839544668188,5.184684744489401,4.470666658509993,4.002882217728718,1.0,52.5
P0431,21.0,F,iOS,Intermediate,1.0,36.16042851292389,4.0,5.0,3.0,4.0,4.0,2.0,4.0,4.0,5.0,4.0,5.0,7.0,5.0,21.0,12.431125335578312,3.950067875759795,6.056581911304335,6.7104855633540215,4.758925795159858,1.0,52.5
P0434,26.0,F,Android,Beginner,0.0,12.610875466518486,3.0,5.0,4.0,3.0,2.0,4.0,1.0,2.0,4.0,4.0,5.0,6.0,6.0,21.0,7.751701532696287,4.307117611458481,4.269594601198884,3.363040479395629,5.209893550488184,1.0,40.0
P0435,35.0,M,iOS,Intermediate,0.0,47.17388398405707,2.0,3.0,4.0,3.0,2.0,4.0,4.0,4.0,5.0,5.0,6.0,7.0,4.0,7.0197057386043795,8.18946409503824,5.403135095912697,5.262988846674455,6.0954031565942115,4.330382225410965,1.0,45.0
P0436,41.0,F,iOS,Beginner,1.0,27.697656936018397,5.0,4.0,4.0,3.0,3.0,4.0,3.0,4.0,3.0,2.0,5.0,5.0,4.0,8.615597155961744,12.16059891547848,0.0436679693197863,5.617381283421098,6.051718756936976,4.5764263875523685,1.0,52.5
P0437,26.0,M,iOS,Advanced,1.0,20.5984428752637,4.0,3.0,5.0,1.0,5.0,4.0,3.0,4.0,4.0,5.0,5.0,5.0,5.0,21.0,15.648635574167214,3.950067875759795,6.34346135006238,6.245575621166941,4.597639658008798,1.0,60.0
P0438,27.0,M,Android,Intermediate,1.0,47.797866408848705,5.0,1.0,1.0,5.0,3.0,3.0,5.0,3.0,2.0,4.0,6.0,4.0,5.0,8.648513730212562,8.352543816198711,3.950067875759795,5.511617838299863,5.952611719752062,4.315126421533616,1.0,50.0
P0439,46.0,F,iOS,Unknown,1.0,210.44288491401903,4.0,3.0,2.0,4.0,4.0,2.0,4.0,2.0,5.0,4.0,5.0,6.0,6.0,3.5972549208173046,11.395552373647162,4.834208687422283,6.335375706595269,6.923737045768183,4.344450614549356,1.0,60.0
P0440,51.0,F,Android,Intermediate,1.0,22.656399307605778,2.0,1.0,5.0,4.0,3.0,4.0,4.0,4.0,4.0,4.0,4.0,6.0,5.0,16.35940142351097,17.3673483332417,3.950067875759795,5.907877601893576,5.885457105588744,4.2759100301270285,1.0,52.5
P0441,20.0,F,iOS,Advanced,1.0,54.41652434458517,5.0,3.0,4.0,3.0,3.0,4.0,4.0,4.0,5.0,3.0,4.0,4.0,5.0,15.10493681807139,8.645091058748124,3.950067875759795,5.8929965963900095,6.051718756936976,2.7441733263630175,1.0,60.0
P0442,24.0,F,iOS,Beginner,1.0,77.90496103300018,5.0,2.0,2.0,3.0,4.0,2.0,5.0,2.0,5.0,4.0,5.0,6.0,6.0,11.061115824288068,11.809327507639855,1.4447248658187064,6.497444534133689,6.051718756936976,4.277844777905162,1.0,70.0
P0443,53.0,F,iOS,Advanced,0.0,82.52316911250337,4.0,3.0,5.0,4.0,2.0,3.0,4.0,3.0,4.0,4.0,6.0,5.0,7.0,11.341625980407,7.847825893393686,14.995075074183765,5.448331203128447,4.811741599341015,6.348785877664665,1.0,55.0
P0444,35.0,F,iOS,Beginner,1.0,141.03625120770076,5.0,4.0,4.0,5.0,4.0,4.0,4.0,4.0,4.0,2.0,6.0,7.0,5.0,5.636882607650713,14.740092363885566,0.7720598220471224,5.907877601893576,6.414902762430506,5.7442836626479705,1.0,55.0
P0445,21.0,F,Desktop,Intermediate,1.0,85.91730406916602,5.0,5.0,5.0,4.0,4.0,5.0,4.0,3.0,3.0,4.0,3.0,5.0,5.0,16.778163313216098,17.41251015333524,4.426918774356642,5.907877601893576,6.840182651200548,5.7646450099356485,1.0,50.0
P0446,49.0,M,Android,Intermediate,0.0,107.36177519243168,5.0,3.0,4.0,4.0,4.0,5.0,3.0,5.0,4.0,5.0,5.0,4.0,4.0,12.157488062187586,3.177590500519986,21.0,1.986837664071212,5.65787475969501,4.599524589030988,1.0,45.0
P0447,36.0,F,iOS,Intermediate,1.0,94.90591425661576,4.0,5.0,4.0,3.0,5.0,3.0,3.0,3.0,3.0,4.0,3.0,5.0,5.0,5.869360908733627,13.87554951135846,3.950067875759795,5.907877601893576,5.903460109902633,4.603179229867237,1.0,52.5
P0448,19.0,F,Desktop,Intermediate,1.0,104.9880196830121,5.0,5.0,5.0,4.0,5.0,2.0,3.0,5.0,5.0,2.0,7.0,5.0,5.0,14.81790049849914,8.619865458185808,3.950067875759795,5.907877601893576,6.950656583405316,5.458150052249642,1.0,62.5
P0449,31.0,F,iOS,Beginner,1.0,44.6963381888389,5.0,2.0,1.0,1.0,4.0,5.0,5.0,2.0,4.0,1.0,7.0,6.0,3.0,12.836221560669935,6.3987073474465115,3.7891202696738944,5.907877601893576,6.934688207025647,2.723622484511554,1.0,70.0
P0450,48.0,F,Android,Intermediate,1.0,51.74636547515833,4.0,3.0,3.0,5.0,4.0,3.0,5.0,5.0,3.0,2.0,6.0,5.0,6.0,18.935360060096357,7.584192136483416,3.950067875759795,6.974244757387304,5.51483744691505,4.437398439361483,1.0,52.5
P0451,33.0,M,Android,Beginner,1.0,34.27753741447642,1.0,3.0,4.0,5.0,4.0,4.0,2.0,4.0,3.0,5.0,5.0,6.0,6.0,21.0,12.423443055509209,3.950067875759795,5.907877601893576,6.051718756936976,5.1100723175923415,1.0,32.5
P0452,47.0,M,Desktop,Intermediate,0.0,51.49945992004896,4.0,1.0,1.0,4.0,3.0,3.0,4.0,5.0,5.0,2.0,5.0,5.0,5.0,14.747299064778682,7.403505645562964,10.249266653119598,3.606869206987028,5.953156462962497,3.7516264808053337,1.0,55.0
P_MISSING_0013,26.0,M,Desktop,Intermediate,1.0,163.60555227483354,5.0,5.0,5.0,4.0,3.0,3.0,3.0,3.0,4.0,5.0,4.0,5.0,5.0,21.0,7.272145586683916,6.1096323872608735,5.907877601893576,6.051718756936976,5.495733588760227,1.0,50.0
P0455,31.0,Other,Desktop,Advanced,1.0,135.62121379961303,1.0,4.0,4.0,3.0,4.0,3.0,5.0,5.0,4.0,3.0,4.0,5.0,6.0,7.215354886272149,9.549227444457555,1.700459581528479,5.907877601893576,6.051718756936976,5.399265537581702,1.0,50.0
P0456,36.0,Prefer not to say,iOS,Intermediate,0.0,3.1906711349256804,5.0,5.0,5.0,4.0,3.0,5.0,3.0,4.0,5.0,2.0,4.0,6.0,5.0,7.9074855968155475,14.755543745983813,10.356152681549467,4.704122337609762,5.584640743985054,3.0574645543745955,1.0,52.5
P0457,43.0,Unknown,Android,Beginner,1.0,100.90566247350746,3.0,3.0,5.0,3.0,4.0,4.0,5.0,4.0,5.0,4.0,5.0,4.0,7.0,21.0,11.708850300002217,0.9197831324287672,6.127112254487556,6.221665282835234,5.880216221688322,1.0,60.0
P0458,48.0,F,iOS,Intermediate,1.0,109.0476427509427,4.0,4.0,3.0,3.0,1.0,5.0,3.0,4.0,4.0,4.0,6.0,6.0,6.0,19.28410818218862,8.573435621300804,3.950067875759795,5.907877601893576,5.964521825950808,3.2747123963673896,1.0,37.5
P0459,35.0,F,iOS,Intermediate,1.0,52.20442905635475,4.0,2.0,4.0,5.0,5.0,4.0,5.0,5.0,2.0,4.0,6.0,3.0,7.0,18.83959443874027,10.462352794329943,3.950067875759795,5.907877601893576,6.051718756936976,5.707383643193214,1.0,50.0
P0460,31.0,F,iOS,Advanced,1.0,82.61090706651206,4.0,5.0,2.0,4.0,2.0,3.0,5.0,5.0,4.0,5.0,5.0,3.0,4.0,10.965538144841672,5.66774755371551,3.950067875759795,5.287683508071894,6.051718756936976,4.046646645138194,1.0,37.5
P0461,43.0,M,iOS,Beginner,1.0,219.77071261885828,5.0,2.0,3.0,1.0,4.0,4.0,5.0,5.0,5.0,4.0,4.0,6.0,6.0,7.769003248265816,13.575450965292989,2.308215622563729,6.297620957571482,6.383216961888468,5.051205606608951,1.0,65.0
P0462,57.0,F,iOS,Intermediate,1.0,116.57350133003064,3.0,5.0,5.0,3.0,3.0,5.0,3.0,3.0,5.0,5.0,6.0,5.0,5.0,6.002592225868905,6.190730656113395,3.950067875759795,5.907877601893576,6.4199030707781395,4.556134899760135,1.0,45.0
P0463,32.0,M,iOS,Intermediate,1.0,117.33371405953162,4.0,3.0,2.0,1.0,4.0,2.0,2.0,5.0,5.0,5.0,6.0,7.0,5.0,7.871061872118699,15.295405601224369,3.950067875759795,5.619519911905252,6.952681007963845,4.002669003121421,1.0,52.5
P0464,52.0,F,iOS,Beginner,0.0,9.820396165685358,5.0,3.0,4.0,4.0,4.0,2.0,4.0,3.0,5.0,4.0,5.0,5.0,5.0,9.151295213354183,17.569847573612837,2.024597210772056,3.7115077466287856,4.6427946084945955,4.183147828479178,1.0,65.0
P0465,26.0,F,Android,Intermediate,1.0,89.33389759350871,4.0,5.0,4.0,3.0,4.0,2.0,5.0,5.0,5.0,4.0,5.0,4.0,5.0,21.0,6.408343488360716,1.4296187509664096,5.101868849223351,6.051718756936976,5.968231264599204,1.0,57.5
P0466,48.0,F,iOS,Beginner,1.0,57.51352587299838,4.0,4.0,3.0,5.0,5.0,5.0,5.0,4.0,3.0,5.0,4.0,6.0,6.0,7.449732883467188,10.092390405393612,3.950067875759795,5.907877601893576,6.051718756936976,3.5853865801266607,1.0,42.5
P0467,50.0,F,iOS,Beginner,1.0,51.25818302666912,3.0,4.0,5.0,3.0,4.0,1.0,4.0,3.0,2.0,5.0,4.0,5.0,6.0,12.262310458046551,6.7908414446043395,3.950067875759795,5.907877601893576,6.013501129018228,5.779033834317346,1.0,55.0
P0468,32.0,Prefer not to say,Desktop,Intermediate,1.0,52.65510909696983,4.0,4.0,4.0,5.0,4.0,4.0,3.0,4.0,3.0,3.0,5.0,6.0,5.0,17.333498690682717,5.618484324060643,7.273229653093711,5.907877601893576,6.9539614691693314,4.5254743277926845,1.0,45.0
P0469,29.0,M,Android,Beginner,1.0,219.77071261885828,3.0,5.0,4.0,4.0,3.0,4.0,4.0,1.0,5.0,5.0,6.0,5.0,3.0,12.13732962902137,11.439570765470704,3.950067875759795,5.907877601893576,6.826199357264992,5.229574875601574,1.0,50.0
P0470,23.0,F,iOS,Beginner,1.0,44.24241914117177,4.0,5.0,4.0,5.0,4.0,3.0,3.0,4.0,4.0,4.0,7.0,6.0,5.0,16.05696093346286,7.890493939333656,3.950067875759795,5.476135697127473,6.70715215480722,2.5584354979744424,1.0,45.0
P0471,30.0,M,Android,Intermediate,1.0,53.55410053887831,4.0,4.0,5.0,3.0,4.0,3.0,5.0,4.0,3.0,4.0,4.0,5.0,6.0,14.667675146614982,6.775985440598166,3.950067875759795,5.321545197730457,6.537937643083746,5.848475638721498,1.0,57.5
P0472,48.0,F,Android,Beginner,1.0,37.43255775578897,3.0,3.0,4.0,1.0,4.0,3.0,2.0,3.0,4.0,4.0,5.0,6.0,6.0,8.64556244716289,21.0,3.950067875759795,6.367413941784656,6.161696004107639,5.97649980504257,1.0,57.5
P0473,54.0,F,iOS,Intermediate,0.0,37.1188509997727,5.0,3.0,2.0,5.0,4.0,5.0,5.0,2.0,3.0,5.0,5.0,5.0,5.0,21.0,21.0,10.637425552320265,5.164002868655544,6.139484804179441,5.861903255660394,1.0,47.5
P0474,63.0,F,Android,Intermediate,1.0,124.22999441755346,1.0,2.0,5.0,2.0,4.0,4.0,4.0,4.0,4.0,4.0,7.0,7.0,6.0,13.934673313111311,8.914465597030697,3.950067875759795,6.418309249321604,3.5931094315085006,4.414333012281892,1.0,55.0
P0475,46.0,F,iOS,Intermediate,0.0,35.89566853721544,1.0,4.0,5.0,3.0,4.0,4.0,4.0,3.0,2.0,4.0,5.0,4.0,6.0,21.0,8.90270614578159,4.768578073791217,4.784701607025312,6.051718756936976,4.811415360880757,1.0,45.0
P0476,52.0,M,iOS,Intermediate,1.0,21.240711999696934,5.0,3.0,2.0,5.0,3.0,5.0,1.0,4.0,5.0,4.0,7.0,3.0,5.0,10.949201232303544,18.34161843721267,3.950067875759795,5.907877601893576,6.227394628623016,5.7549144917605055,1.0,37.5
P0477,31.0,M,iOS,Beginner,1.0,44.71330940106638,3.0,3.0,3.0,4.0,4.0,3.0,4.0,5.0,4.0,5.0,5.0,4.0,5.0,17.344680547405023,12.03723449846528,3.950067875759795,5.907877601893576,6.026245253408096,5.109191859737547,1.0,45.0
P0478,35.0,F,Desktop,Beginner,1.0,219.77071261885828,2.0,3.0,4.0,5.0,4.0,4.0,5.0,4.0,4.0,1.0,7.0,7.0,7.0,15.084922923157132,12.136295371239608,3.950067875759795,6.048636242177011,6.39570549697967,5.1761209458260495,1.0,55.0
P0479,22.0,M,iOS,Advanced,1.0,83.19246693657334,2.0,5.0,5.0,3.0,4.0,2.0,4.0,3.0,4.0,4.0,6.0,4.0,3.0,16.785140962146173,8.088244683811505,3.950067875759795,6.093905873328015,6.051718756936976,3.6367716904112912,1.0,55.0
P0480,23.0,Other,iOS,Intermediate,1.0,65.74247986598127,3.0,5.0,4.0,1.0,4.0,5.0,3.0,4.0,2.0,2.0,6.0,3.0,3.0,15.103991446030282,21.0,3.950067875759795,6.467196005155826,5.856818671441575,5.178941133260711,1.0,47.5
P0481,53.0,F,iOS,Intermediate,1.0,25.273013238628984,5.0,4.0,2.0,3.0,5.0,3.0,3.0,4.0,4.0,5.0,5.0,5.0,5.0,7.957892971618435,8.177106503188348,3.950067875759795,5.907877601893576,5.984954304022894,2.28590777108643,1.0,50.0
P0482,22.0,M,Android,Intermediate,1.0,106.74096185973796,5.0,5.0,3.0,5.0,3.0,4.0,3.0,4.0,3.0,4.0,5.0,4.0,5.0,19.91211223810515,12.982122898793293,3.950067875759795,5.907877601893576,6.564104790675439,5.355995654789042,1.0,37.5
P0483,37.0,M,Android,Intermediate,1.0,64.87270259201507,5.0,5.0,5.0,3.0,3.0,5.0,4.0,2.0,4.0,3.0,7.0,6.0,5.0,6.978511807340686,6.342174029923652,3.950067875759795,5.907877601893576,6.932275116165689,4.160371555869908,1.0,57.5
P0484,54.0,M,Desktop,Advanced,1.0,42.71149394970111,4.0,5.0,4.0,5.0,5.0,2.0,4.0,4.0,4.0,4.0,6.0,5.0,5.0,10.769425365399496,10.697711770539886,2.314921452428811,6.240145139342223,6.517201847406019,5.098367761658772,1.0,52.5
P0485,40.0,F,Android,Advanced,1.0,17.389844701671894,5.0,5.0,5.0,3.0,4.0,4.0,4.0,4.0,3.0,4.0,5.0,5.0,5.0,19.078514691183543,7.02126764836873,8.49274508417513,5.907877601893576,4.9286479150519655,3.0436246210000872,1.0,52.5
P0486,31.0,F,iOS,Intermediate,1.0,204.8628128589223,4.0,4.0,5.0,4.0,4.0,5.0,4.0,4.0,4.0,4.0,7.0,6.0,5.0,8.9605174959073,21.0,6.921838334064095,6.641053751946263,6.051718756936976,5.282290225172744,1.0,50.0
P0487,26.0,M,iOS,Intermediate,1.0,219.77071261885828,3.0,2.0,5.0,4.0,5.0,5.0,3.0,5.0,4.0,2.0,5.0,7.0,5.0,15.937737338394005,6.399538295090295,1.482481770579442,6.811021479612679,3.974661396143531,6.220858094734055,1.0,55.0
P0488,18.0,F,iOS,Beginner,1.0,219.77071261885828,4.0,3.0,4.0,4.0,4.0,4.0,4.0,1.0,4.0,5.0,6.0,4.0,5.0,7.367662868714583,11.298734235458143,2.607177517593012,6.57293491695011,6.051718756936976,4.939279473492946,1.0,57.5
P0489,47.0,F,Android,Advanced,1.0,145.8101355420724,2.0,2.0,3.0,4.0,5.0,5.0,3.0,4.0,2.0,4.0,6.0,4.0,5.0,8.417685031391516,10.129335073168786,3.3835530479517004,4.324245714092083,6.04280564073882,3.022673621171169,1.0,40.0
P0490,27.0,M,Android,Intermediate,0.0,11.0120822659884,3.0,4.0,5.0,2.0,2.0,4.0,2.0,5.0,5.0,4.0,6.0,5.0,6.0,19.76671755987531,4.711390148339325,1.1588922395057142,5.487031408312072,4.08805356786637,4.939315987890235,1.0,45.0
P0491,38.0,M,iOS,Advanced,1.0,37.29608814303037,4.0,4.0,4.0,5.0,2.0,5.0,3.0,1.0,4.0,4.0,5.0,6.0,6.0,14.663224023941329,4.71514841336459,3.526549410517074,5.901605959325041,6.935056789670536,3.267403699621375,1.0,45.0
P0492,44.0,M,Android,Intermediate,1.0,57.12025644241905,5.0,5.0,3.0,5.0,3.0,4.0,4.0,4.0,3.0,1.0,4.0,3.0,4.0,15.148312432512464,10.551414043975749,3.950067875759795,5.330890637210083,5.595288847720643,4.633106132414987,1.0,47.5
P0493,18.0,M,iOS,Beginner,1.0,17.866168789112717,4.0,4.0,2.0,5.0,3.0,2.0,3.0,5.0,5.0,2.0,4.0,4.0,6.0,14.319200879571085,7.702958862833678,6.242352176912602,5.907877601893576,6.427576602414456,2.7325474793213207,1.0,47.5
P0494,38.0,M,Desktop,Intermediate,1.0,57.283321955888916,2.0,2.0,4.0,3.0,5.0,3.0,4.0,4.0,4.0,4.0,5.0,4.0,5.0,6.939471056023423,3.978227481377748,3.894145560201858,6.5348575792730195,6.308417134471485,4.697569526864061,1.0,57.5
P0495,23.0,M,Android,Beginner,1.0,43.08219406153066,3.0,3.0,1.0,4.0,5.0,3.0,4.0,5.0,2.0,5.0,4.0,7.0,7.0,14.32226299917193,10.629338083347914,4.8384033628669325,3.679501843873222,6.657424113332355,4.9836015238455555,1.0,37.5
P0496,62.0,M,Android,Intermediate,1.0,121.67118997236685,3.0,4.0,5.0,1.0,3.0,5.0,4.0,4.0,5.0,5.0,4.0,6.0,4.0,16.11934472414305,20.847970537711305,3.950067875759795,4.742921459870725,6.991722447010909,4.5759681256965345,1.0,52.5
P0497,50.0,M,Desktop,Intermediate,0.0,219.77071261885828,5.0,4.0,5.0,5.0,3.0,2.0,4.0,3.0,2.0,3.0,4.0,4.0,7.0,5.379228880445564,8.547542366173946,6.526733820536231,5.222266235014696,5.295020478190409,4.0951037216889965,1.0,55.0
P0498,29.0,M,Android,Beginner,1.0,42.46764593166665,4.0,1.0,4.0,4.0,3.0,3.0,4.0,5.0,2.0,3.0,6.0,6.0,5.0,11.637794749454114,10.3219567407347,3.950067875759795,6.33439832199973,6.477079154903926,5.204984546390175,1.0,52.5
P0499,26.0,F,iOS,Advanced,0.0,65.20994839597665,3.0,5.0,2.0,5.0,2.0,5.0,3.0,3.0,5.0,4.0,5.0,6.0,3.0,19.968217079647907,10.348110518056505,0.8108133239870735,3.317937767834243,4.282068987653198,3.9532976451284414,1.0,32.5
P0500,28.0,F,Android,Advanced,1.0,37.09069414480059,4.0,1.0,3.0,5.0,4.0,5.0,4.0,4.0,4.0,4.0,7.0,6.0,6.0,20.91163003263768,5.6911331013740245,3.950067875759795,5.001203015491861,6.406517580980899,4.550002254597068,1.0,50.0
P0501,43.0,M,iOS,Intermediate,0.0,64.54661988272709,5.0,4.0,1.0,4.0,5.0,4.0,4.0,5.0,4.0,4.0,6.0,4.0,5.0,16.001614418785454,5.9017973461843125,7.822438930926955,5.205780214608589,5.8585301592857775,5.420220711370147,1.0,45.0
P0502,35.0,M,Desktop,Intermediate,1.0,41.4358334716999,4.0,5.0,5.0,3.0,5.0,4.0,4.0,3.0,1.0,5.0,4.0,5.0,5.0,15.604615430982047,9.234613516008595,3.950067875759795,5.907877601893576,6.9094518682116,5.056656631753317,1.0,47.5
P0503,41.0,M,Desktop,Intermediate,1.0,119.70205923652388,5.0,1.0,5.0,4.0,4.0,2.0,5.0,2.0,5.0,5.0,6.0,6.0,5.0,12.073454344011203,14.338040036440448,3.950067875759795,6.331089013247733,6.886993724738792,4.639432570008083,1.0,75.0
P0505,26.0,M,Android,Intermediate,1.0,105.92655760702094,5.0,3.0,5.0,3.0,2.0,4.0,5.0,5.0,4.0,4.0,7.0,3.0,6.0,21.0,10.739954440940426,3.950067875759795,6.3987504855685255,6.051718756936976,5.569275655993341,1.0,55.0
P0506,52.0,F,Android,Intermediate,1.0,219.77071261885828,4.0,5.0,5.0,5.0,4.0,4.0,3.0,5.0,4.0,4.0,6.0,4.0,5.0,21.0,10.287110949658146,3.950067875759795,5.729676343655712,5.157744292575472,6.565503081229526,1.0,42.5
P0507,39.0,F,iOS,Intermediate,1.0,13.767783520562585,5.0,4.0,4.0,5.0,5.0,5.0,4.0,4.0,5.0,5.0,3.0,5.0,6.0,3.1942474812802137,14.5381240796064,3.950067875759795,5.907877601893576,6.739382990981502,5.192307714495381,1.0,50.0
P0508,45.0,M,iOS,Beginner,0.0,190.25571841467385,3.0,5.0,3.0,4.0,5.0,5.0,5.0,5.0,4.0,4.0,5.0,6.0,4.0,14.723147036145932,14.850117892287084,3.1320645408007888,4.17099532358946,4.060208872408562,5.3537963197498675,1.0,42.5
P0509,33.0,F,Android,Intermediate,1.0,4.746996205937291,3.0,4.0,3.0,5.0,3.0,3.0,5.0,4.0,3.0,3.0,7.0,7.0,7.0,12.20127632961458,8.156383420118283,7.810500378483205,5.121289976205238,5.5612728318495,3.090415132047722,1.0,45.0
P0510,42.0,F,iOS,Intermediate,0.0,33.34942344395886,2.0,5.0,3.0,5.0,4.0,4.0,5.0,3.0,4.0,3.0,5.0,5.0,7.0,11.096952115241836,17.771713249752494,8.44003208027599,4.002893357793613,5.4163623177351345,6.1575354738344465,1.0,45.0
P0511,19.0,M,iOS,Advanced,1.0,57.92825305925362,3.0,4.0,4.0,3.0,5.0,4.0,4.0,5.0,4.0,3.0,3.0,5.0,5.0,9.184243292320105,14.299836170971457,10.978766992327104,5.907877601893576,6.051718756936976,5.137102951420833,1.0,52.5
P0512,42.0,F,iOS,Intermediate,1.0,19.795573717998614,3.0,4.0,3.0,5.0,3.0,5.0,3.0,3.0,4.0,3.0,7.0,4.0,5.0,21.0,12.422782676497272,0.4267541055633366,5.907877601893576,6.051718756936976,3.417465765835214,1.0,40.0
P0513,41.0,M,iOS,Intermediate,1.0,24.816084099611775,2.0,4.0,3.0,4.0,4.0,5.0,5.0,3.0,5.0,5.0,4.0,5.0,6.0,21.0,11.219304569926896,2.209067871685652,6.516085679255198,6.051718756936976,4.655819838427724,1.0,45.0
P0514,35.0,M,iOS,Unknown,1.0,82.93727851133968,5.0,2.0,4.0,4.0,3.0,3.0,4.0,4.0,3.0,4.0,6.0,6.0,6.0,21.0,6.0535308842723055,6.90642020520292,6.745821503521227,6.051718756936976,4.653806252570572,1.0,55.0
P0515,45.0,F,iOS,Beginner,1.0,219.77071261885828,2.0,4.0,4.0,5.0,2.0,2.0,5.0,1.0,5.0,5.0,6.0,7.0,5.0,6.894993668119393,10.20007478681432,3.950067875759795,6.211164202395726,5.86671282831159,4.098524333042681,1.0,52.5
P0516,20.0,M,iOS,Advanced,1.0,26.326806768170854,5.0,1.0,5.0,2.0,5.0,5.0,2.0,5.0,5.0,4.0,6.0,5.0,6.0,18.983070299496532,12.66577376396195,3.950067875759795,6.574478387829647,6.051718756936976,4.38699331825095,1.0,62.5
P0517,31.0,F,Android,Intermediate,1.0,219.77071261885828,4.0,4.0,2.0,4.0,3.0,3.0,4.0,5.0,4.0,3.0,4.0,6.0,5.0,5.764013257261997,13.69038321762159,3.950067875759795,6.057240149754586,6.051718756936976,4.732530770697955,1.0,45.0
P0518,51.0,F,iOS,Advanced,1.0,70.5782516657313,5.0,5.0,4.0,4.0,4.0,2.0,5.0,4.0,3.0,5.0,5.0,6.0,4.0,21.0,10.129335073168786,5.925109991684517,6.492676454477483,6.051718756936976,4.984079922473596,1.0,52.5
P0519,49.0,F,Android,Beginner,0.0,60.85567221033467,3.0,1.0,4.0,4.0,5.0,3.0,3.0,4.0,1.0,3.0,5.0,6.0,4.0,2.117626355125742,6.463657858008321,12.132086045480255,4.466962025911887,5.678917276635825,3.434797249494435,1.0,52.5
P0520,28.0,F,iOS,Advanced,1.0,41.69774036470862,4.0,5.0,4.0,3.0,4.0,4.0,4.0,4.0,4.0,1.0,6.0,7.0,5.0,4.973608262463803,17.945110637112258,3.548845580585766,5.907877601893576,6.827212875747092,6.149559370738863,1.0,57.5
P0521,32.0,M,Android,Intermediate,1.0,63.817005252694784,5.0,5.0,4.0,3.0,4.0,5.0,4.0,5.0,5.0,2.0,3.0,6.0,5.0,10.551711642239962,3.642843847644832,3.1038001169075287,6.552099603804397,6.051718756936976,3.016419461721906,1.0,55.0
P0522,44.0,F,iOS,Intermediate,1.0,74.16381954444701,5.0,4.0,5.0,3.0,3.0,5.0,5.0,5.0,3.0,4.0,6.0,6.0,6.0,5.928451519859485,8.759578870243008,3.950067875759795,5.907877601893576,6.360035138146237,4.765344531142688,1.0,50.0
P0523,20.0,F,iOS,Beginner,1.0,24.543889242281313,3.0,2.0,4.0,3.0,4.0,4.0,2.0,5.0,3.0,5.0,6.0,6.0,6.0,13.662386833595438,6.673437108161128,3.950067875759795,5.428211127389749,4.602800873172389,5.548115583837438,1.0,42.5
P0524,28.0,F,Android,Intermediate,1.0,147.66555453654357,5.0,4.0,3.0,5.0,4.0,4.0,5.0,4.0,3.0,3.0,5.0,5.0,6.0,9.376654043907129,4.38151965092496,3.950067875759795,5.907877601893576,6.211992856399104,5.691720802279978,1.0,50.0
P0525,39.0,M,iOS,Intermediate,1.0,110.37007413596298,5.0,1.0,5.0,5.0,5.0,3.0,5.0,3.0,3.0,4.0,3.0,5.0,5.0,10.801097222432691,9.802851653711777,3.950067875759795,6.145301811258992,5.505162858184265,5.800208781194808,1.0,67.5
P0526,22.0,M,Android,Beginner,1.0,50.87768321474442,5.0,5.0,5.0,5.0,5.0,2.0,2.0,1.0,4.0,5.0,4.0,3.0,7.0,5.558900877365803,21.0,3.950067875759795,6.957633989053353,6.051718756936976,5.86809506557043,1.0,57.5
P0527,36.0,F,Android,Intermediate,1.0,47.91513797792263,4.0,5.0,4.0,5.0,4.0,5.0,4.0,5.0,2.0,3.0,6.0,5.0,4.0,8.129301060144819,4.394000172382521,3.950067875759795,5.907877601893576,6.051718756936976,3.522662920806505,1.0,37.5
P0528,30.0,M,iOS,Beginner,1.0,91.47158011578524,3.0,1.0,2.0,4.0,1.0,4.0,3.0,4.0,5.0,4.0,7.0,5.0,5.0,14.325445834075976,7.20960832029569,3.950067875759795,6.49419744126685,6.142604190374783,4.341631787507132,1.0,42.5
P0529,37.0,F,iOS,Advanced,1.0,39.251748601283225,2.0,2.0,3.0,3.0,3.0,4.0,4.0,5.0,3.0,5.0,6.0,7.0,7.0,3.9353866651008302,11.185451768919304,3.950067875759795,5.907877601893576,4.533806339829253,6.421466355554241,1.0,40.0
P0530,18.0,F,iOS,Intermediate,1.0,31.961027054340363,5.0,5.0,5.0,4.0,3.0,3.0,3.0,5.0,4.0,5.0,6.0,7.0,6.0,20.7893257893602,13.10720029104064,3.950067875759795,5.272854001909943,6.051718756936976,5.085708274972901,1.0,45.0
P0531,38.0,F,Android,Beginner,1.0,12.75493427172586,4.0,4.0,2.0,5.0,4.0,5.0,3.0,4.0,1.0,4.0,6.0,5.0,5.0,13.38060610477778,20.586230644464926,3.950067875759795,6.578673280959502,6.385256145753655,4.935722629739023,1.0,30.0
P0532,52.0,M,Android,Intermediate,1.0,79.70626074818705,4.0,2.0,5.0,4.0,4.0,3.0,4.0,3.0,5.0,5.0,4.0,3.0,4.0,20.33401170342017,10.526872779857232,3.950067875759795,5.907877601893576,6.051718756936976,4.091060646621871,1.0,62.5
P0533,51.0,F,iOS,Intermediate,1.0,21.5323985567015,3.0,4.0,2.0,3.0,4.0,5.0,4.0,5.0,4.0,3.0,4.0,6.0,4.0,6.9802435710962385,8.638732637315751,1.1537747731659405,6.650413262782029,6.858710195260516,4.99058170599195,1.0,42.5
P0534,35.0,F,Android,Intermediate,1.0,147.3677975185172,2.0,5.0,5.0,4.0,5.0,2.0,3.0,3.0,5.0,5.0,5.0,5.0,6.0,21.0,8.93986874586656,3.950067875759795,6.192709574453002,6.246652188658667,6.146794829099322,1.0,52.5
P0535,39.0,F,Android,Intermediate,1.0,48.67966990772362,2.0,5.0,5.0,4.0,1.0,5.0,4.0,5.0,4.0,3.0,6.0,4.0,4.0,5.936048163922977,21.0,2.588406162589706,5.167813740785667,6.051718756936976,3.997007463199296,1.0,35.0
P0536,34.0,M,Android,Intermediate,0.0,108.13083303142076,4.0,4.0,2.0,4.0,5.0,4.0,4.0,4.0,2.0,2.0,4.0,5.0,6.0,18.244917243152255,8.882669929401509,2.02424066959233,4.981954075171599,5.943733344036554,4.134516447452744,1.0,47.5
P0537,39.0,Other,Desktop,Intermediate,1.0,19.781325061619977,4.0,5.0,3.0,5.0,5.0,3.0,4.0,5.0,2.0,4.0,7.0,5.0,5.0,6.755244951602561,9.599097490379446,3.950067875759795,5.907877601893576,6.578499562010501,5.1695596534015475,1.0,40.0
P0538,38.0,F,iOS,Intermediate,1.0,95.09836199986418,5.0,5.0,4.0,3.0,5.0,4.0,3.0,3.0,4.0,4.0,6.0,5.0,5.0,14.345111683039576,8.446733428522991,7.5026217996892655,6.15765106250296,6.696831145950531,5.999756212404808,1.0,55.0
P0539,43.0,M,Android,Advanced,1.0,46.47874368623994,3.0,2.0,4.0,5.0,3.0,5.0,3.0,5.0,4.0,3.0,4.0,4.0,5.0,11.498569641036584,18.654620490977155,1.9129668631991816,5.907877601893576,6.051718756936976,6.38050955627469,1.0,42.5
P0540,32.0,M,Android,Advanced,0.0,25.303479424319583,5.0,2.0,2.0,4.0,2.0,5.0,4.0,4.0,2.0,3.0,6.0,3.0,7.0,6.626673799151182,7.849503639946958,4.206611499014884,3.3766206032483055,6.051718756936976,5.055498765485373,1.0,42.5
P0541,35.0,F,iOS,Intermediate,0.0,105.85590189458507,3.0,5.0,3.0,4.0,5.0,5.0,4.0,5.0,4.0,4.0,7.0,5.0,6.0,17.9367134484947,6.725930362682228,8.237418116278072,5.41096576433581,4.493987371031396,4.412769353795942,1.0,40.0
P0542,22.0,M,iOS,Intermediate,1.0,44.75253205594563,5.0,3.0,5.0,4.0,5.0,4.0,4.0,5.0,4.0,1.0,5.0,5.0,6.0,11.654445843406815,21.0,3.950067875759795,5.907877601893576,5.320786013799698,5.382170520568845,1.0,65.0
P0544,57.0,F,iOS,Beginner,0.0,87.26762954259932,5.0,3.0,3.0,5.0,2.0,2.0,1.0,2.0,4.0,5.0,4.0,5.0,4.0,21.0,5.407455775591819,3.9404490202091984,4.599126971264591,4.501310012592265,3.419576921060824,1.0,45.0
P0545,41.0,F,iOS,Beginner,1.0,55.250056706916986,4.0,4.0,3.0,5.0,5.0,4.0,2.0,5.0,3.0,4.0,5.0,6.0,5.0,2.1072860627727,9.862374051969008,3.950067875759795,5.0876442179072505,6.277208844663152,6.130248317968701,1.0,37.5
P0546,30.0,M,iOS,Beginner,1.0,219.77071261885828,1.0,3.0,1.0,5.0,5.0,5.0,2.0,4.0,3.0,5.0,6.0,4.0,6.0,10.296972065667376,4.976997551108223,3.950067875759795,4.961960269216882,6.49035675395641,6.646353394116771,1.0,25.0
P0547,36.0,F,iOS,Beginner,1.0,118.25820961800017,4.0,5.0,5.0,1.0,1.0,4.0,4.0,4.0,4.0,5.0,7.0,5.0,4.0,11.25781514579357,10.276353553647573,3.950067875759795,6.6463145457866615,6.799090257015219,4.788875678710538,1.0,47.5
P0548,28.0,M,Android,Advanced,1.0,163.94180922551436,5.0,5.0,5.0,4.0,4.0,4.0,4.0,4.0,4.0,5.0,4.0,6.0,4.0,18.428148953955414,13.553047488157162,3.1495221595191314,5.9319322083935875,6.304110853848804,4.404330036052919,1.0,50.0
P0549,20.0,M,iOS,Intermediate,1.0,97.23541813047522,5.0,3.0,5.0,5.0,5.0,4.0,4.0,4.0,5.0,4.0,5.0,4.0,6.0,21.0,16.53606776025325,3.950067875759795,4.3417772763090845,6.719520895987244,6.2290526480944335,1.0,60.0
P0551,52.0,M,iOS,Intermediate,1.0,53.23644532109836,3.0,5.0,4.0,3.0,2.0,3.0,4.0,5.0,5.0,2.0,4.0,5.0,6.0,7.909365900897692,12.612490596472812,1.1611545987203753,5.907877601893576,6.903516902738683,6.487004162558143,1.0,50.0
P0552,24.0,F,iOS,Intermediate,1.0,25.87514764559982,3.0,3.0,3.0,4.0,4.0,4.0,4.0,2.0,5.0,2.0,5.0,7.0,5.0,12.230352374974164,5.752984053622299,1.654598776842251,5.363100281038272,6.154886370935275,4.252260438590748,1.0,60.0
P0553,42.0,F,iOS,Advanced,1.0,40.89427590269722,4.0,4.0,4.0,2.0,5.0,5.0,5.0,5.0,3.0,3.0,4.0,4.0,6.0,21.0,3.9716927451536304,3.950067875759795,6.544041479121556,6.051718756936976,5.213682062813396,1.0,55.0
P0554,57.0,M,iOS,Beginner,0.0,134.81859206941226,4.0,5.0,5.0,4.0,5.0,5.0,3.0,4.0,5.0,5.0,6.0,6.0,5.0,11.290619632164828,16.95567834711973,0.6983366384517566,5.143112144607263,4.680065179507553,4.573389454004534,1.0,47.5
P0555,25.0,F,Android,Intermediate,1.0,73.02051921752799,4.0,1.0,4.0,4.0,3.0,2.0,3.0,2.0,5.0,4.0,5.0,6.0,5.0,7.864895831392909,20.105092775524263,7.730224476567539,6.271291343823583,6.083058142751579,4.122336645061409,1.0,65.0
P0556,36.0,M,Android,Advanced,1.0,68.12468936061185,5.0,4.0,4.0,5.0,3.0,5.0,5.0,4.0,2.0,3.0,5.0,6.0,5.0,20.40223574119549,6.457362322213272,3.950067875759795,6.824267091256594,5.682962259710152,3.625590366049184,1.0,45.0
P0557,22.0,F,iOS,Intermediate,1.0,169.08975621372315,4.0,5.0,3.0,4.0,4.0,4.0,4.0,4.0,3.0,2.0,4.0,4.0,6.0,17.165560230142717,12.202229539715765,3.950067875759795,5.649048431388026,3.769095623695896,6.195712397785042,1.0,47.5
P0558,21.0,F,iOS,Advanced,1.0,64.87270259201507,3.0,5.0,1.0,5.0,5.0,4.0,4.0,4.0,5.0,1.0,7.0,6.0,7.0,5.849802852428702,5.881498057538342,3.950067875759795,5.907877601893576,6.051718756936976,4.811415360880757,1.0,47.5
P0559,23.0,M,iOS,Intermediate,1.0,20.865464421969342,1.0,4.0,5.0,4.0,4.0,5.0,5.0,4.0,3.0,3.0,5.0,6.0,4.0,15.337542083611543,6.538941868237555,0.0955112908334987,5.192612127155281,6.403064386439559,5.533532060796288,1.0,45.0
P0560,47.0,M,Desktop,Intermediate,0.0,38.41409346421703,4.0,5.0,2.0,3.0,4.0,3.0,1.0,5.0,2.0,3.0,6.0,5.0,5.0,11.286337589648683,11.795537873030044,15.444929518143622,4.548616896292972,4.51411890471033,5.147339284007893,1.0,35.0
P0561,44.0,F,iOS,Intermediate,1.0,63.448605030797125,1.0,5.0,2.0,3.0,5.0,4.0,4.0,4.0,4.0,4.0,6.0,5.0,6.0,19.710612395819716,7.74944043788425,3.950067875759795,5.907877601893576,6.051718756936976,5.412822067220656,1.0,40.0
P0562,55.0,M,iOS,Intermediate,1.0,219.77071261885828,4.0,4.0,4.0,3.0,3.0,5.0,5.0,3.0,5.0,3.0,5.0,5.0,6.0,21.0,11.071933788336851,3.950067875759795,5.1292987943108574,6.970636841912741,5.051609217578263,1.0,57.5
P0563,23.0,F,iOS,Beginner,1.0,60.066681491062944,4.0,4.0,4.0,3.0,2.0,2.0,2.0,3.0,5.0,5.0,6.0,5.0,7.0,12.860877666335908,12.897263102925006,3.950067875759795,5.907877601893576,6.524628703849012,5.942200019069836,1.0,50.0
P0564,18.0,F,Android,Advanced,1.0,140.41269643155042,5.0,4.0,3.0,4.0,5.0,1.0,4.0,3.0,4.0,2.0,5.0,4.0,6.0,21.0,10.363881314601928,3.950067875759795,6.939668303037211,6.517175755435581,5.519627279140137,1.0,67.5
P0565,39.0,M,Android,Beginner,1.0,59.765420857962674,4.0,4.0,4.0,2.0,4.0,2.0,5.0,5.0,3.0,4.0,5.0,6.0,3.0,12.262310458046551,11.006737086266275,3.950067875759795,6.905982730121327,5.932848504769254,5.809593953450639,1.0,57.5
P0566,51.0,Prefer not to say,Android,Intermediate,1.0,42.27743712831427,5.0,4.0,1.0,3.0,3.0,2.0,5.0,1.0,5.0,4.0,5.0,5.0,7.0,21.0,18.8680261433036,3.950067875759795,6.750473922373564,6.051718756936976,5.1276461856426705,1.0,62.5
P0567,30.0,M,Android,Beginner,1.0,58.80523448416992,4.0,5.0,5.0,5.0,5.0,2.0,4.0,3.0,4.0,5.0,4.0,7.0,5.0,6.891970473369865,5.753009044033554,3.950067875759795,5.907877601893576,6.051718756936976,5.202333897820671,1.0,55.0
P0568,26.0,M,iOS,Beginner,1.0,80.60374960627325,5.0,1.0,2.0,3.0,4.0,4.0,4.0,5.0,3.0,5.0,4.0,3.0,5.0,13.098878186420931,12.492604567555563,3.950067875759795,5.907877601893576,6.9467855763523385,5.174057621955601,1.0,50.0
P0570,28.0,M,Desktop,Beginner,1.0,118.25768143684203,4.0,3.0,5.0,5.0,3.0,2.0,4.0,5.0,5.0,3.0,6.0,3.0,5.0,2.524083904513311,21.0,3.950067875759795,5.907877601893576,6.25148049548604,4.477215689307506,1.0,57.5
P0571,44.0,M,iOS,Advanced,1.0,176.0862571807847,5.0,5.0,3.0,3.0,5.0,3.0,4.0,3.0,2.0,4.0,5.0,5.0,6.0,8.89317212978143,10.903115301576118,0.6112772679790757,5.907877601893576,6.051718756936976,4.818088643054202,1.0,52.5
P0572,56.0,F,iOS,Beginner,1.0,21.309646104462036,1.0,3.0,3.0,5.0,1.0,4.0,2.0,5.0,4.0,5.0,6.0,4.0,7.0,14.32158785763257,21.0,3.950067875759795,4.5056730125177875,6.051718756936976,5.696514014832706,1.0,22.5
P0573,24.0,F,Desktop,Intermediate,1.0,34.260943310544654,5.0,4.0,3.0,4.0,5.0,2.0,4.0,2.0,5.0,5.0,5.0,4.0,5.0,13.116930581786862,5.235789095081631,3.950067875759795,6.8964695503270095,6.50095030364591,5.270663340422951,1.0,62.5
P0574,21.0,F,iOS,Advanced,1.0,44.865919153810154,3.0,4.0,3.0,4.0,5.0,5.0,3.0,3.0,3.0,4.0,7.0,3.0,5.0,21.0,15.825667665905549,3.950067875759795,5.932364553670839,6.051718756936976,4.644678235237216,1.0,42.5
P0575,58.0,F,Android,Beginner,1.0,115.58973444935992,5.0,5.0,4.0,4.0,1.0,5.0,4.0,3.0,5.0,3.0,6.0,7.0,6.0,17.443694584315402,21.0,3.950067875759795,6.810073858951716,6.426826183353208,3.7801799772554143,1.0,47.5
P0576,23.0,F,iOS,Beginner,0.0,74.86953679369361,2.0,5.0,1.0,2.0,5.0,4.0,3.0,2.0,3.0,3.0,5.0,3.0,5.0,20.65877330273254,15.776025805989743,4.882772593453463,4.839020537340831,6.051718756936976,5.968626144403392,1.0,45.0
P0579,19.0,F,Desktop,Intermediate,1.0,104.58503405438027,5.0,4.0,5.0,5.0,4.0,4.0,4.0,4.0,3.0,1.0,6.0,5.0,6.0,11.77916594637235,4.948641779648455,3.950067875759795,4.674464025748927,6.694630151564968,4.916177755696949,1.0,57.5
P_MISSING_0016,43.0,M,Android,Intermediate,1.0,38.17737383857077,4.0,3.0,5.0,5.0,4.0,2.0,1.0,5.0,5.0,5.0,6.0,5.0,5.0,7.127285226341872,9.386987598673285,3.950067875759795,5.907877601893576,6.051718756936976,6.500114301043868,1.0,47.5
P0581,55.0,F,Android,Beginner,1.0,89.65440955391605,5.0,3.0,3.0,3.0,4.0,3.0,2.0,2.0,5.0,4.0,4.0,6.0,4.0,4.812716366035076,21.0,0.5657376487522372,6.592487726766157,5.832916807239496,3.6492921288329834,1.0,60.0
P0582,37.0,F,Desktop,Intermediate,1.0,71.48978888878716,3.0,5.0,4.0,3.0,5.0,5.0,5.0,4.0,3.0,4.0,5.0,3.0,5.0,21.0,9.493914582047978,3.950067875759795,5.907877601893576,4.993268158482624,4.612961967788187,1.0,47.5
P0583,48.0,F,iOS,Intermediate,1.0,57.160799205498854,2.0,5.0,5.0,4.0,4.0,1.0,4.0,5.0,3.0,3.0,6.0,3.0,7.0,21.0,8.47346095496844,3.950067875759795,5.645950973538832,6.926549770411775,5.1523989174019675,1.0,50.0
P0584,52.0,F,iOS,Intermediate,1.0,158.3296316503078,5.0,5.0,4.0,5.0,3.0,3.0,4.0,3.0,5.0,4.0,4.0,6.0,4.0,9.467622594842602,4.351374004273533,3.950067875759795,6.981890894238519,6.474772308587163,5.888842718915474,1.0,52.5
P0585,25.0,F,iOS,Intermediate,1.0,65.13704897111275,1.0,4.0,5.0,4.0,4.0,3.0,4.0,5.0,4.0,4.0,5.0,3.0,3.0,9.694295461871262,14.710131586673446,4.121494962916071,6.175015705875795,6.051718756936976,3.454165382631014,1.0,45.0
P0586,43.0,F,Android,Intermediate,1.0,15.315539950317076,4.0,4.0,3.0,2.0,4.0,2.0,3.0,4.0,5.0,5.0,6.0,6.0,5.0,6.4075648661507705,11.801315985458691,3.950067875759795,6.151829493653971,5.318566115982012,4.542632979370031,1.0,55.0
P0587,30.0,M,iOS,Intermediate,1.0,185.36625150670665,4.0,4.0,4.0,4.0,4.0,2.0,3.0,5.0,2.0,1.0,5.0,4.0,6.0,21.0,5.4337428300109485,3.950067875759795,6.118335397529594,6.147025141049262,5.319408996821835,1.0,52.5
P0588,49.0,F,iOS,Intermediate,1.0,33.416921794608065,4.0,5.0,3.0,5.0,5.0,5.0,3.0,4.0,5.0,3.0,5.0,5.0,6.0,12.877763118059448,9.108815206170794,0.0352491237485903,5.907877601893576,5.634357893588075,3.916723523213321,1.0,45.0
P0589,45.0,M,Desktop,Intermediate,1.0,128.18097178460806,4.0,4.0,5.0,5.0,5.0,5.0,5.0,1.0,3.0,4.0,6.0,5.0,4.0,10.84444989968064,3.8433127473191377,3.950067875759795,6.224607797520863,6.2309304918304464,4.581830251609283,1.0,57.5
P0590,24.0,M,Android,Advanced,1.0,63.11359642656393,5.0,5.0,4.0,4.0,3.0,5.0,3.0,3.0,1.0,3.0,3.0,6.0,6.0,16.569131989565832,21.0,3.950067875759795,6.535039546406195,6.051718756936976,6.507850393162296,1.0,40.0
P0591,45.0,M,Android,Beginner,1.0,15.965496589114714,4.0,4.0,3.0,4.0,3.0,4.0,3.0,4.0,3.0,4.0,4.0,5.0,4.0,8.30394779433382,9.744718067885788,3.950067875759795,6.248736207749506,6.624387716054748,5.259748009020305,1.0,40.0
P0592,42.0,M,iOS,Intermediate,1.0,44.245144756072925,5.0,4.0,5.0,4.0,4.0,3.0,4.0,3.0,1.0,2.0,6.0,4.0,5.0,21.0,8.950532279430007,4.788255065501536,5.098174525160468,6.487834004557037,6.543973457987173,1.0,57.5
P0594,38.0,F,iOS,Intermediate,1.0,24.275179385179776,4.0,3.0,3.0,5.0,5.0,4.0,3.0,5.0,5.0,4.0,7.0,3.0,6.0,20.131077682197432,12.061511609856453,3.033150814376047,5.180170740426995,4.175283142740394,4.523572731692278,1.0,47.5
P0595,25.0,F,iOS,Beginner,1.0,35.846573341134814,4.0,4.0,4.0,3.0,3.0,4.0,4.0,4.0,4.0,2.0,7.0,6.0,7.0,8.426437787649123,5.13211736740865,3.950067875759795,6.664524105414434,6.051718756936976,4.5578772963143415,1.0,55.0
P0596,21.0,M,iOS,Intermediate,1.0,137.34533346497176,4.0,3.0,3.0,3.0,3.0,4.0,5.0,5.0,4.0,5.0,5.0,7.0,5.0,11.205112845484155,5.784892920226215,2.1025709096451024,6.169968755254439,6.051718756936976,2.967374114678327,1.0,47.5
P0598,23.0,F,iOS,Intermediate,1.0,52.34729595883963,4.0,4.0,2.0,4.0,5.0,2.0,4.0,4.0,4.0,5.0,5.0,6.0,4.0,4.910519654638386,8.275266307637766,3.950067875759795,5.2510055135147695,6.535478101799631,6.722413089874891,1.0,50.0
P0599,23.0,F,Android,Advanced,1.0,30.81763809111064,5.0,5.0,5.0,5.0,5.0,5.0,5.0,4.0,5.0,3.0,3.0,4.0,6.0,21.0,7.308292165286693,2.6372753646892715,6.220240054049966,6.051718756936976,3.678781184892917,1.0,57.5
P0600,28.0,F,Android,Advanced,1.0,43.49176758745333,3.0,5.0,5.0,4.0,4.0,4.0,3.0,4.0,2.0,4.0,7.0,6.0,5.0,6.2026847447391384,10.888016584322385,3.950067875759795,5.907877601893576,6.051718756936976,5.354187575955954,1.0,40.0
P0601,30.0,M,Android,Intermediate,1.0,39.17453049914605,3.0,2.0,5.0,4.0,4.0,3.0,5.0,3.0,4.0,3.0,5.0,3.0,6.0,13.335038890279924,12.74977464933709,3.950067875759795,5.907877601893576,6.051718756936976,5.961554488472016,1.0,65.0
P0602,39.0,Unknown,Desktop,Beginner,0.0,81.41571067653734,4.0,5.0,4.0,5.0,5.0,4.0,4.0,5.0,2.0,5.0,6.0,5.0,6.0,4.915214608289786,14.910144190128856,3.446789333532836,5.269992829870472,3.560484852483172,5.738479039858106,1.0,37.5
P0604,42.0,F,iOS,Intermediate,1.0,5.9867921101680235,3.0,5.0,3.0,5.0,1.0,3.0,5.0,4.0,5.0,1.0,6.0,6.0,5.0,7.371107592932352,21.0,2.154122689346833,6.547811570808916,4.930036469749652,4.306965709701899,1.0,47.5
P0606,35.0,M,Desktop,Advanced,1.0,102.4202673591444,2.0,4.0,4.0,5.0,4.0,1.0,4.0,5.0,4.0,4.0,6.0,6.0,4.0,11.302100350903627,7.954104688513128,2.870478277982401,6.843550104678384,5.207091538260715,4.888962839248188,1.0,47.5
P0607,18.0,M,Desktop,Advanced,1.0,67.21296766077498,4.0,3.0,2.0,4.0,3.0,4.0,5.0,3.0,2.0,5.0,6.0,7.0,6.0,21.0,15.39850458684345,3.950067875759795,6.999768978186521,6.051718756936976,5.740435192121292,1.0,42.5
P0608,41.0,F,Unknown,Intermediate,1.0,56.57653555368197,5.0,5.0,4.0,2.0,5.0,4.0,5.0,3.0,2.0,5.0,6.0,3.0,4.0,12.262310458046551,4.19942628809708,4.16617788836766,5.907877601893576,6.870063287481191,4.908789529854594,1.0,55.0
P0609,39.0,F,iOS,Beginner,1.0,101.51192091259384,2.0,5.0,5.0,5.0,5.0,5.0,3.0,4.0,5.0,4.0,6.0,3.0,5.0,11.179942118188066,9.24959084301519,6.001222569969926,5.944278921566693,6.4464256662734805,3.329741540785535,1.0,42.5
P0610,48.0,M,Android,Beginner,0.0,48.893329707755456,5.0,2.0,5.0,3.0,1.0,3.0,4.0,5.0,5.0,3.0,3.0,6.0,5.0,9.532944535466475,12.973626052224091,7.525149675286791,4.624727304455188,5.789594622350554,3.754152071473756,1.0,60.0
P0611,25.0,F,Android,Beginner,1.0,139.1684632736958,3.0,4.0,4.0,1.0,3.0,4.0,4.0,4.0,4.0,4.0,3.0,6.0,6.0,15.115220176264854,4.526088745338857,3.950067875759795,6.246019068502234,5.787500233118629,5.122802392389829,1.0,52.5
P0612,18.0,F,Android,Intermediate,0.0,51.50438770389113,4.0,3.0,2.0,3.0,2.0,4.0,5.0,4.0,2.0,3.0,6.0,5.0,6.0,6.374865704430816,14.102556963852267,5.967949334721007,5.239008053448845,5.662978483817919,3.0568399252337315,1.0,45.0
P0613,48.0,M,iOS,Beginner,1.0,32.418966513651846,5.0,4.0,1.0,5.0,3.0,3.0,1.0,5.0,5.0,5.0,6.0,6.0,5.0,11.1090787939249,9.338627102770603,3.950067875759795,3.973687776533017,6.051718756936976,3.512686084383165,1.0,32.5
P0615,32.0,F,Android,Intermediate,1.0,110.82139938184888,4.0,5.0,5.0,2.0,4.0,3.0,5.0,2.0,5.0,2.0,7.0,5.0,4.0,5.006321887523023,5.617491285863999,5.30271776198968,6.854223141359344,6.051718756936976,5.660541332941326,1.0,72.5
P0617,33.0,M,Android,Advanced,0.0,41.918420147811425,3.0,4.0,4.0,4.0,4.0,3.0,4.0,4.0,4.0,4.0,6.0,5.0,5.0,12.690427549727268,10.487494959253228,8.652199705122252,4.97095182305863,4.600893135890821,5.709684668858167,1.0,50.0
P0618,35.0,M,Desktop,Advanced,1.0,219.77071261885828,4.0,4.0,1.0,2.0,5.0,5.0,4.0,5.0,3.0,4.0,6.0,7.0,4.0,13.063888774577425,15.54878139562994,0.600774296811597,6.346219462331256,6.6428945784943805,4.1624381862995055,1.0,42.5
P0619,48.0,M,iOS,Intermediate,1.0,77.15168256078888,4.0,4.0,4.0,5.0,1.0,3.0,3.0,4.0,5.0,4.0,5.0,6.0,7.0,8.707422623314374,11.046799354896336,3.950067875759795,5.907877601893576,5.778936898392923,4.811415360880757,1.0,42.5
P0620,23.0,M,iOS,Advanced,0.0,92.24990229939228,3.0,4.0,4.0,3.0,2.0,5.0,2.0,4.0,4.0,4.0,7.0,3.0,6.0,6.580074886912667,13.23050674201672,6.522669399855859,5.685228754331617,3.0597515545092326,3.959716339611034,1.0,37.5
P0621,41.0,F,Android,Intermediate,1.0,44.08679191800787,5.0,2.0,4.0,5.0,3.0,3.0,2.0,4.0,5.0,4.0,5.0,6.0,5.0,6.24109000321095,4.140759037792406,3.950067875759795,5.907877601893576,5.868707358758261,5.853433862218116,1.0,52.5
P0622,35.0,M,iOS,Advanced,0.0,77.87891776381646,4.0,1.0,3.0,5.0,5.0,4.0,5.0,3.0,3.0,5.0,6.0,7.0,4.0,19.300811426765787,6.5947420918841,3.950067875759795,5.417240815652901,6.051718756936976,4.324553605159106,1.0,55.0
P0623,49.0,M,Android,Beginner,0.0,131.62450019539605,5.0,3.0,5.0,1.0,5.0,5.0,4.0,4.0,4.0,2.0,6.0,5.0,5.0,12.68961917367445,10.293974160027991,10.86725025735234,5.169519664743599,4.000478085757135,4.547993119594684,1.0,70.0
P0624,32.0,M,Android,Advanced,1.0,63.52039237483498,5.0,5.0,4.0,4.0,4.0,4.0,4.0,3.0,2.0,4.0,5.0,5.0,4.0,6.74058071783014,5.2892286982153065,2.5118493089190217,6.866885943721896,6.291358789758686,4.485008035996541,1.0,47.5
P0625,18.0,F,Desktop,Beginner,1.0,101.4546154230836,5.0,4.0,2.0,4.0,4.0,5.0,5.0,5.0,3.0,5.0,7.0,5.0,5.0,7.104676918046506,9.996959273426237,5.117673107159684,5.602251531110198,6.704856448002275,5.940445898389158,1.0,40.0
P0627,46.0,M,iOS,Intermediate,1.0,46.16697747940919,5.0,5.0,5.0,1.0,3.0,4.0,5.0,5.0,5.0,3.0,5.0,6.0,5.0,6.326512522384143,4.38377373492443,3.950067875759795,5.907877601893576,5.954860765318286,4.4850665330951935,1.0,62.5
P0628,55.0,M,Desktop,Advanced,1.0,139.9877777671864,4.0,5.0,4.0,4.0,3.0,3.0,5.0,4.0,3.0,5.0,4.0,5.0,6.0,12.737081838305318,11.399324153474849,3.950067875759795,4.271849567651796,5.608528034467092,4.492292009367018,1.0,45.0
P0629,25.0,Other,Android,Beginner,1.0,46.75321956169297,4.0,5.0,5.0,4.0,4.0,3.0,2.0,4.0,4.0,5.0,4.0,6.0,5.0,18.37470783820878,14.66411846375292,3.950067875759795,6.955031434772282,6.323315712972734,5.114425316819897,1.0,45.0
P0630,29.0,F,iOS,Intermediate,1.0,219.77071261885828,5.0,5.0,1.0,3.0,3.0,5.0,4.0,5.0,3.0,3.0,6.0,6.0,6.0,16.969123590517942,10.971713912227488,3.950067875759795,5.907877601893576,6.051718756936976,5.8981925634811585,1.0,37.5
P0632,34.0,F,iOS,Intermediate,1.0,50.84733130212975,3.0,4.0,3.0,3.0,4.0,3.0,4.0,4.0,4.0,4.0,6.0,4.0,7.0,5.15180291761876,20.852488011270463,5.008782475320446,6.058310731441373,6.762017422347208,4.053976045706921,1.0,50.0
P0633,57.0,F,Android,Intermediate,1.0,172.0440908975612,1.0,5.0,3.0,5.0,5.0,3.0,3.0,3.0,4.0,5.0,6.0,5.0,6.0,14.213446444894858,9.455982016819874,0.1977353881615071,5.907877601893576,6.25801246394769,4.560040209121583,1.0,37.5
P0636,26.0,F,iOS,Intermediate,1.0,176.11111514763948,3.0,3.0,2.0,5.0,5.0,3.0,5.0,2.0,3.0,3.0,7.0,5.0,7.0,17.435917666521686,21.0,3.950067875759795,6.939010425532346,6.310687442476592,4.833051935857374,1.0,55.0
P0637,37.0,F,Android,Intermediate,1.0,42.51432120908885,5.0,3.0,3.0,4.0,2.0,3.0,5.0,4.0,3.0,4.0,5.0,6.0,7.0,12.262310458046551,9.144832972287162,3.950067875759795,6.3594070550234285,5.450447534471273,4.5628324221316845,1.0,50.0
P0638,27.0,F,iOS,Intermediate,1.0,47.02517861824638,5.0,3.0,3.0,3.0,4.0,4.0,4.0,4.0,3.0,4.0,6.0,6.0,7.0,20.32793844580844,15.366106451933064,3.950067875759795,6.965876565049425,6.051718756936976,2.78292563560339,1.0,52.5
P0639,18.0,M,Android,Beginner,1.0,47.78260241948309,5.0,5.0,3.0,5.0,1.0,4.0,4.0,3.0,3.0,4.0,4.0,5.0,5.0,9.970485847091185,8.47072769979304,3.950067875759795,6.342216213798422,6.111722420992572,3.586483269289078,1.0,37.5
P0640,22.0,M,iOS,Intermediate,1.0,107.5564428206504,2.0,1.0,5.0,5.0,5.0,4.0,4.0,3.0,4.0,5.0,5.0,5.0,6.0,5.995052705925635,11.328725063184136,3.950067875759795,5.684255983121423,5.893380631598225,4.140334600867956,1.0,55.0
P0642,56.0,Other,iOS,Beginner,1.0,119.96255913753816,2.0,3.0,2.0,4.0,3.0,5.0,3.0,2.0,2.0,3.0,6.0,7.0,6.0,13.820769797384209,21.0,0.7409729882147387,6.979554469619801,6.051718756936976,5.836675043080129,1.0,37.5
P0643,44.0,M,iOS,Intermediate,1.0,142.4222246624458,1.0,4.0,4.0,5.0,5.0,5.0,5.0,2.0,3.0,4.0,6.0,7.0,5.0,5.939627431289326,21.0,4.524106681261477,6.684754430784759,6.405239225734265,4.811415360880757,1.0,45.0
P0644,37.0,F,Android,Intermediate,1.0,11.881325707708209,4.0,4.0,4.0,1.0,5.0,5.0,3.0,4.0,5.0,5.0,5.0,3.0,6.0,12.262310458046551,7.837357145844852,2.046477752569473,6.37405012500749,6.519481986955502,6.423025366136243,1.0,55.0
P0645,42.0,F,Android,Intermediate,1.0,27.920215216227,4.0,4.0,3.0,5.0,4.0,3.0,4.0,2.0,3.0,2.0,6.0,7.0,6.0,12.04770178240778,11.700671155209957,0.82935751839499,5.849632908178039,6.051718756936976,4.026357158868775,1.0,55.0
P0646,18.0,M,iOS,Beginner,1.0,96.42516441448672,3.0,5.0,4.0,4.0,3.0,4.0,5.0,4.0,4.0,4.0,7.0,5.0,7.0,10.117145421143784,13.97787773186908,3.950067875759795,4.917083096187908,6.521761962467633,4.725160849724496,1.0,45.0
P0648,55.0,M,iOS,Intermediate,1.0,106.88123256803412,5.0,4.0,5.0,4.0,4.0,5.0,3.0,4.0,4.0,4.0,6.0,5.0,5.0,6.514877408349823,10.129335073168786,0.3729196924814442,5.907877601893576,6.051718756936976,3.7492974184484313,1.0,50.0
P0649,42.0,F,iOS,Intermediate,1.0,188.58390320861184,3.0,3.0,5.0,4.0,5.0,3.0,4.0,5.0,4.0,5.0,6.0,5.0,4.0,9.515167862345429,4.518968569075006,3.950067875759795,5.907877601893576,6.933868762016373,4.536487629927902,1.0,52.5
P0650,35.0,M,Android,Beginner,1.0,83.66690845319783,3.0,5.0,1.0,4.0,4.0,5.0,3.0,4.0,3.0,1.0,6.0,5.0,6.0,3.693956361673521,16.152970183976215,3.950067875759795,5.907877601893576,4.499069037947447,5.79191758908388,1.0,37.5
P0651,37.0,F,Desktop,Beginner,1.0,109.76209122015266,2.0,5.0,5.0,5.0,4.0,4.0,4.0,3.0,4.0,3.0,6.0,6.0,6.0,14.001923883403071,8.122504132246975,3.315260280827591,5.360800222755517,5.774262412765418,6.283057369463176,1.0,47.5
P0652,18.0,M,iOS,Intermediate,1.0,105.17532554603297,5.0,4.0,2.0,1.0,5.0,4.0,4.0,5.0,5.0,5.0,4.0,6.0,5.0,4.643660139076565,11.954143189902116,1.442832406177356,6.999397998088729,6.051718756936976,4.860033234094716,1.0,55.0
P0653,35.0,M,Android,Intermediate,1.0,50.99658767065159,3.0,5.0,4.0,5.0,4.0,2.0,4.0,4.0,4.0,4.0,6.0,6.0,6.0,11.94293713919179,6.165291050620192,16.0,5.785264630324596,6.627383746253551,5.18648669331094,1.0,47.5
P0654,19.0,M,Android,Beginner,1.0,133.6356716977235,5.0,4.0,1.0,4.0,4.0,5.0,3.0,3.0,3.0,3.0,3.0,4.0,5.0,21.0,8.854564892284278,3.932797299535867,4.847561139602007,5.404214686729082,4.069049772018635,1.0,42.5
P0655,30.0,M,iOS,Intermediate,1.0,105.9441066145277,5.0,4.0,5.0,5.0,3.0,3.0,4.0,4.0,4.0,5.0,6.0,4.0,6.0,21.0,4.784402837116456,3.950067875759795,5.462554600802325,5.941287201899234,4.670458666565534,1.0,50.0
P_MISSING_0017,34.0,Other,Android,Advanced,1.0,17.052311826748657,4.0,5.0,5.0,5.0,4.0,2.0,2.0,5.0,3.0,3.0,5.0,6.0,5.0,21.0,19.078272103066436,3.950067875759795,6.769773444420402,5.035577614415438,5.2502485377654695,1.0,45.0
P0657,36.0,M,Android,Beginner,1.0,55.58760641235112,4.0,5.0,4.0,4.0,4.0,4.0,2.0,3.0,4.0,5.0,6.0,5.0,7.0,21.0,5.7893585697397905,3.950067875759795,5.907877601893576,6.051718756936976,5.147836631415508,1.0,42.5
P0658,41.0,F,iOS,Intermediate,1.0,56.0232265537424,2.0,2.0,5.0,5.0,5.0,4.0,3.0,3.0,4.0,4.0,6.0,7.0,5.0,6.00342150896972,7.18260715887756,3.950067875759795,6.067750667164743,5.540101614530263,6.2925916632993975,1.0,52.5
P0659,31.0,Prefer not to say,iOS,Intermediate,1.0,64.09832415823719,2.0,4.0,5.0,3.0,2.0,1.0,4.0,1.0,4.0,4.0,6.0,6.0,6.0,14.850987574806693,6.577017193047412,0.1797466512722607,6.4708829946176625,6.660586460115193,4.293291724698257,1.0,60.0
P0660,29.0,M,Desktop,Intermediate,1.0,33.2479671446754,3.0,1.0,5.0,3.0,4.0,3.0,3.0,2.0,2.0,4.0,4.0,4.0,4.0,21.0,6.291283743794052,2.6534811992917415,5.907877601893576,5.223199251260717,3.005609579446781,1.0,60.0
P0661,43.0,Other,Android,Advanced,1.0,125.96835171716752,4.0,4.0,5.0,2.0,4.0,4.0,3.0,4.0,4.0,5.0,4.0,4.0,7.0,9.827393296642205,7.846992268345824,3.950067875759795,5.447223090209761,5.813599578681049,4.848999661489305,1.0,52.5
P0662,32.0,F,Android,Intermediate,0.0,51.23082830569627,4.0,4.0,5.0,4.0,3.0,4.0,4.0,4.0,4.0,4.0,7.0,5.0,7.0,21.0,13.06903475874288,5.036602570542994,4.9472718788284125,5.495415813381341,4.606091219923686,1.0,50.0
P0663,52.0,F,Android,Intermediate,0.0,43.41037375493413,3.0,3.0,5.0,2.0,5.0,3.0,3.0,4.0,4.0,5.0,6.0,4.0,7.0,11.634276863812543,12.427820256632115,5.661108990493786,4.907016651282774,4.158530693221262,4.142507292266328,1.0,57.5
P0664,18.0,M,iOS,Advanced,1.0,219.77071261885828,4.0,3.0,5.0,5.0,4.0,1.0,1.0,4.0,4.0,5.0,6.0,5.0,5.0,3.495502893152827,11.02450914448855,15.794275828473232,4.776919434572607,5.921030253338012,2.8912463068035077,1.0,50.0
P0666,41.0,F,iOS,Beginner,1.0,48.37788631520595,3.0,4.0,4.0,5.0,4.0,4.0,4.0,2.0,5.0,4.0,5.0,7.0,6.0,8.925036588930954,10.509083423037223,3.950067875759795,5.721572681121043,4.730436392044755,3.980057662117469,1.0,52.5
P0669,50.0,Prefer not to say,iOS,Advanced,1.0,151.46609256690763,4.0,2.0,5.0,5.0,4.0,1.0,5.0,5.0,3.0,4.0,4.0,6.0,6.0,3.646624402704597,8.50104565531029,3.950067875759795,5.2748849735426315,6.610972848739613,4.851077091415586,1.0,60.0
P0670,41.0,F,iOS,Beginner,0.0,44.44853894086718,3.0,5.0,4.0,5.0,1.0,3.0,3.0,5.0,5.0,4.0,6.0,6.0,6.0,6.721799227471311,21.0,9.715719738796793,4.781031379420704,3.881994454420253,4.688293464297483,1.0,35.0
P0671,41.0,M,Android,Advanced,0.0,149.9500104590812,2.0,4.0,4.0,3.0,4.0,3.0,4.0,3.0,5.0,5.0,5.0,7.0,5.0,8.77340561157597,14.656179740609804,4.388926726016781,4.2431704555447185,5.853873981905915,2.910594398660057,1.0,52.5
P0672,52.0,M,Android,Intermediate,0.0,23.337271808864305,4.0,4.0,2.0,5.0,3.0,2.0,5.0,5.0,4.0,4.0,7.0,3.0,6.0,21.0,9.002562514438102,10.02287389479363,4.918451286438925,3.833394387583781,3.6222461225184945,1.0,45.0
P0673,23.0,M,Unknown,Intermediate,1.0,42.37515602478206,4.0,3.0,5.0,4.0,3.0,4.0,3.0,4.0,4.0,4.0,5.0,6.0,4.0,6.722399257801388,8.612696762456233,3.950067875759795,6.18069027040767,6.019235725320924,3.645743239879697,1.0,50.0
P0674,39.0,F,iOS,Advanced,0.0,64.87270259201507,3.0,4.0,3.0,1.0,5.0,4.0,4.0,4.0,2.0,3.0,3.0,5.0,6.0,7.320319131329889,8.093675211504117,1.309650626182074,4.687272349062098,5.132374730846881,4.403012746740867,1.0,52.5
P0676,43.0,M,iOS,Beginner,0.0,219.77071261885828,3.0,5.0,4.0,5.0,4.0,5.0,4.0,2.0,4.0,4.0,6.0,6.0,6.0,21.0,21.0,7.018481093278225,4.994795142497104,4.4112255059532455,4.459014022710307,1.0,45.0
P0677,37.0,F,Android,Intermediate,1.0,42.48907519436699,5.0,4.0,3.0,3.0,5.0,4.0,1.0,3.0,3.0,4.0,4.0,6.0,5.0,8.851477338759173,6.974482312244931,10.873633576957603,5.121267331651034,4.041535541108813,5.196449812394809,1.0,47.5
P0678,39.0,M,Android,Beginner,1.0,87.85552514944371,4.0,2.0,4.0,3.0,3.0,2.0,3.0,5.0,4.0,4.0,7.0,7.0,6.0,12.842947968065465,15.225042313603186,3.950067875759795,5.23334216511773,6.844750846905029,5.2766621963094575,1.0,55.0
P0679,40.0,M,Android,Intermediate,1.0,200.17262304201608,4.0,1.0,5.0,5.0,4.0,4.0,5.0,4.0,4.0,5.0,4.0,6.0,3.0,7.299489952228815,10.1581993494861,3.950067875759795,5.907877601893576,6.051718756936976,4.42468857662854,1.0,57.5
P0680,41.0,F,iOS,Advanced,1.0,219.77071261885828,5.0,3.0,4.0,5.0,4.0,4.0,3.0,4.0,3.0,3.0,5.0,6.0,5.0,13.882708188000535,13.545762788825511,3.950067875759795,5.907877601893576,6.757292285132202,4.224237300627875,1.0,50.0
P0682,51.0,M,Android,Advanced,1.0,189.4139550084184,4.0,4.0,4.0,5.0,5.0,4.0,3.0,4.0,4.0,2.0,5.0,4.0,5.0,21.0,21.0,3.950067875759795,6.605163405380538,6.051718756936976,4.601109043471207,1.0,52.5
P0683,54.0,F,Android,Intermediate,1.0,48.47582817631567,5.0,5.0,5.0,4.0,5.0,3.0,5.0,3.0,4.0,4.0,6.0,5.0,5.0,15.878876860638862,8.324245516975948,7.616315471706773,5.907877601893576,6.974494978274429,4.05477871638612,1.0,62.5
P0684,30.0,M,Android,Intermediate,0.0,64.87270259201507,5.0,3.0,5.0,5.0,4.0,4.0,5.0,4.0,5.0,4.0,6.0,6.0,6.0,15.208570245304486,3.1604676102457514,2.3484969627286456,4.083531801569307,4.573706699133005,4.003902319789377,1.0,60.0
P0685,49.0,M,Android,Beginner,1.0,46.01789844008433,2.0,1.0,4.0,3.0,2.0,5.0,4.0,3.0,4.0,4.0,5.0,5.0,6.0,15.287451014600798,5.785259761688241,3.950067875759795,5.907877601893576,6.483434014772952,4.213891645526055,1.0,50.0
P0686,28.0,F,Android,Intermediate,1.0,48.16364151425359,5.0,2.0,3.0,4.0,3.0,2.0,3.0,5.0,3.0,3.0,7.0,4.0,5.0,7.443579548222739,10.918408743979748,3.950067875759795,5.907877601893576,6.58770001467597,4.444855959324788,1.0,52.5
P0687,37.0,M,Desktop,Unknown,1.0,219.77071261885828,5.0,4.0,5.0,4.0,4.0,4.0,4.0,4.0,2.0,5.0,3.0,5.0,6.0,5.897377771932991,11.652587463492967,6.505090559614608,5.696331434213607,6.051718756936976,3.951611392552969,1.0,47.5
P0688,32.0,F,iOS,Advanced,1.0,7.358646336189906,5.0,3.0,4.0,3.0,5.0,4.0,4.0,3.0,5.0,5.0,5.0,5.0,6.0,9.441609737713222,10.550696430208204,3.950067875759795,6.21557862019384,6.151161354132095,5.4218044002430155,1.0,62.5
P0689,25.0,M,iOS,Intermediate,1.0,68.2463725708491,3.0,5.0,5.0,4.0,2.0,5.0,2.0,5.0,5.0,5.0,7.0,7.0,6.0,10.265822860885123,8.662436695030337,3.950067875759795,6.20360783632894,6.051718756936976,4.818882984539903,1.0,32.5
P0690,21.0,F,Desktop,Intermediate,1.0,219.77071261885828,5.0,2.0,2.0,3.0,1.0,4.0,5.0,5.0,5.0,4.0,7.0,7.0,4.0,12.262310458046551,19.96786934676333,3.950067875759795,6.038222565701883,6.321779183618563,6.334094934326595,1.0,50.0
P0691,34.0,F,iOS,Intermediate,1.0,39.90994637825978,3.0,5.0,3.0,4.0,5.0,5.0,5.0,5.0,5.0,2.0,6.0,5.0,6.0,21.0,3.1029663341190217,3.950067875759795,5.907877601893576,6.479629290807294,5.1163812882477595,1.0,50.0
P0692,48.0,M,Android,Advanced,1.0,28.63239117523292,5.0,5.0,4.0,5.0,4.0,5.0,5.0,4.0,3.0,3.0,5.0,7.0,5.0,9.789929111743138,8.508666872003452,2.647344284671604,6.049671415320106,6.051718756936976,4.981627732890808,1.0,47.5
P0693,34.0,F,Desktop,Advanced,0.0,173.82061236521005,1.0,2.0,3.0,1.0,4.0,2.0,2.0,5.0,1.0,3.0,5.0,5.0,5.0,9.929010431193074,5.414737961697133,10.885026008162605,2.837305182260879,5.005681342989035,4.811415360880757,1.0,45.0
P0694,47.0,M,Android,Intermediate,1.0,134.26533817538052,5.0,5.0,3.0,3.0,5.0,4.0,4.0,4.0,4.0,5.0,6.0,4.0,6.0,19.157458571776168,8.395330415048502,3.950067875759795,5.298003821138047,6.038670802458208,3.866376151161222,1.0,50.0
P0695,33.0,M,iOS,Intermediate,1.0,163.2182886699732,4.0,4.0,4.0,3.0,3.0,3.0,2.0,4.0,4.0,4.0,6.0,4.0,6.0,21.0,4.663551516575991,3.950067875759795,6.101145558282313,5.945108983692062,6.209327802254366,1.0,47.5
P0696,49.0,M,Android,Intermediate,1.0,158.28116930283284,4.0,4.0,5.0,1.0,2.0,3.0,4.0,5.0,5.0,4.0,4.0,5.0,5.0,9.248359944653938,8.390714346271949,3.950067875759795,6.872875468927171,5.779873241040255,3.419101708081151,1.0,57.5
P0697,30.0,F,Android,Intermediate,0.0,157.73662503768412,4.0,3.0,4.0,4.0,4.0,3.0,5.0,4.0,4.0,4.0,4.0,3.0,4.0,4.170843101349064,4.221896897078127,3.320731852317067,4.686764373279115,5.667099591746929,3.703394597881779,1.0,57.5
P0698,42.0,M,Android,Intermediate,1.0,32.33730272306477,4.0,4.0,1.0,3.0,5.0,3.0,4.0,5.0,4.0,3.0,7.0,6.0,6.0,12.262310458046551,6.286349031193797,3.950067875759795,4.267886707456151,5.1346955283184625,4.906186946737495,1.0,50.0
P0699,38.0,F,iOS,Intermediate,1.0,18.023795324843473,1.0,2.0,3.0,5.0,4.0,5.0,5.0,5.0,4.0,4.0,5.0,6.0,5.0,14.060975539820545,16.734638128839304,3.950067875759795,5.907877601893576,6.061103630055357,2.956348431903378,1.0,40.0
P0700,36.0,F,Android,Advanced,1.0,65.04330950426026,4.0,3.0,5.0,5.0,3.0,5.0,5.0,4.0,5.0,3.0,5.0,5.0,6.0,12.612379177096305,9.894527391835393,3.950067875759795,6.850738245063292,6.72013984649621,6.225736193937306,1.0,55.0
P0701,22.0,M,Unknown,Beginner,0.0,37.08250939185744,5.0,1.0,3.0,5.0,5.0,5.0,5.0,5.0,5.0,4.0,5.0,6.0,6.0,14.707637586641352,9.03110343175883,1.7115548408462384,2.5870374107681715,5.103675240042384,5.384356700390548,1.0,57.5
P0702,20.0,M,Desktop,Advanced,1.0,183.3421827198369,4.0,4.0,5.0,4.0,5.0,4.0,4.0,4.0,4.0,5.0,6.0,3.0,5.0,21.0,21.0,3.950067875759795,5.905189227790621,6.73907553682821,6.173294040098818,1.0,52.5
P0703,30.0,F,iOS,Intermediate,1.0,48.11448108079028,5.0,4.0,3.0,2.0,4.0,4.0,4.0,4.0,5.0,3.0,5.0,7.0,5.0,9.485240054764343,20.40884264899477,3.950067875759795,5.488179005364184,6.051718756936976,3.9488109739188655,1.0,60.0
P0704,35.0,F,Desktop,Intermediate,0.0,22.340308997005277,5.0,5.0,3.0,3.0,4.0,4.0,1.0,4.0,3.0,4.0,6.0,6.0,5.0,9.257340575902935,6.082091128263662,1.613533120627424,4.738399261086164,5.537885947107822,5.29569528344506,1.0,40.0
P0705,18.0,F,Android,Beginner,1.0,17.9945204420287,4.0,4.0,4.0,5.0,4.0,4.0,3.0,4.0,3.0,3.0,7.0,5.0,5.0,14.604012249977409,16.75742722453578,6.72737498606188,5.907877601893576,5.787548361352348,4.425411844662705,1.0,45.0
P0706,29.0,M,iOS,Intermediate,1.0,15.96674119688461,4.0,2.0,4.0,4.0,3.0,3.0,5.0,5.0,2.0,5.0,4.0,5.0,6.0,10.808307192318129,10.379305068128522,6.819545456060823,6.322626426751919,6.796716275248215,5.520757277015074,1.0,47.5
P0707,35.0,M,Android,Intermediate,0.0,90.55707733658424,1.0,3.0,3.0,5.0,2.0,4.0,4.0,4.0,4.0,3.0,5.0,5.0,3.0,7.315584400848687,5.92109760113638,1.630084631646036,5.415105962773287,5.172346930601547,4.1255604579744665,1.0,37.5
P0709,25.0,F,iOS,Unknown,1.0,51.63339189667576,2.0,1.0,4.0,4.0,4.0,5.0,5.0,1.0,3.0,5.0,4.0,6.0,6.0,11.568702285122257,2.485805804063727,4.342972563128429,6.468768678697855,5.884582236245439,3.956272474030579,1.0,55.0
P0710,33.0,F,Desktop,Intermediate,0.0,66.11033264581407,4.0,4.0,5.0,4.0,5.0,5.0,4.0,3.0,5.0,5.0,4.0,4.0,6.0,10.516095382672244,6.816053912542343,6.342529031768068,4.037842801434855,3.6165187609692566,4.101708966996418,1.0,55.0
P0711,35.0,F,iOS,Intermediate,1.0,83.40913052631913,4.0,3.0,5.0,5.0,5.0,2.0,5.0,5.0,5.0,4.0,6.0,6.0,6.0,13.333346285216807,20.732731364184772,3.950067875759795,5.907877601893576,6.051718756936976,5.242563645499016,1.0,62.5
P0712,30.0,F,Android,Intermediate,1.0,70.77938990319852,5.0,5.0,4.0,5.0,2.0,4.0,3.0,4.0,4.0,3.0,4.0,5.0,6.0,19.986090735012095,17.7157458148626,3.950067875759795,6.119783481307845,4.4194935117894785,4.242621883666705,1.0,42.5
P0713,48.0,F,iOS,Intermediate,1.0,62.69035723218064,4.0,5.0,1.0,4.0,4.0,2.0,5.0,5.0,5.0,4.0,4.0,7.0,6.0,21.0,11.643633438381473,3.950067875759795,6.915355905836388,4.98132989605355,6.224857528567085,1.0,47.5
P0714,37.0,M,iOS,Intermediate,1.0,219.77071261885828,4.0,3.0,4.0,4.0,3.0,5.0,4.0,4.0,5.0,2.0,6.0,3.0,4.0,13.017810874590596,13.91223786314564,3.950067875759795,5.907877601893576,5.861874375627903,3.989629441179968,1.0,55.0
P0716,40.0,M,Desktop,Intermediate,1.0,77.33903667597039,3.0,4.0,2.0,5.0,3.0,4.0,1.0,5.0,3.0,5.0,7.0,6.0,3.0,14.813623975799036,12.692322131951087,3.950067875759795,5.907877601893576,6.9341369068987655,5.224625558411793,1.0,22.5
P0717,53.0,F,Android,Intermediate,1.0,150.19775643030624,4.0,1.0,5.0,3.0,4.0,4.0,5.0,1.0,2.0,3.0,5.0,6.0,6.0,19.55667864357903,16.85265874722894,3.950067875759795,5.907877601893576,6.068291367468773,5.810411819631409,1.0,70.0
P0718,30.0,F,iOS,Intermediate,1.0,37.579099820468926,5.0,5.0,5.0,4.0,4.0,4.0,5.0,4.0,5.0,4.0,6.0,5.0,7.0,4.968878837150496,6.107206099550694,3.950067875759795,5.001270224952407,6.051718756936976,6.554324081297747,1.0,57.5
P0719,30.0,M,iOS,Intermediate,0.0,123.9199868897112,4.0,4.0,5.0,4.0,5.0,3.0,3.0,5.0,5.0,2.0,7.0,4.0,4.0,15.056501567233823,11.412455163439123,6.936296500337084,4.2600602888976224,5.9930023134499235,3.8286668758649656,1.0,60.0
P0720,37.0,M,Android,Intermediate,1.0,16.09342310346308,3.0,4.0,4.0,3.0,4.0,4.0,5.0,3.0,3.0,3.0,5.0,5.0,3.0,10.168782316624352,6.022174564849052,3.950067875759795,6.274412832305086,6.051718756936976,6.222739369993163,1.0,55.0
P0721,32.0,F,iOS,Advanced,1.0,203.27642116850384,4.0,4.0,5.0,4.0,5.0,5.0,3.0,4.0,4.0,5.0,5.0,3.0,5.0,7.480438124088599,7.871836188145584,3.950067875759795,6.531285319039125,5.751508622283465,4.153695910070154,1.0,47.5
P0722,55.0,F,iOS,Beginner,1.0,37.78597896351964,3.0,3.0,4.0,4.0,5.0,2.0,4.0,3.0,5.0,4.0,7.0,4.0,5.0,7.222921070331685,8.398512664975584,3.950067875759795,6.991462579484503,5.883618781338512,5.814486676332664,1.0,62.5
P0723,39.0,F,iOS,Advanced,1.0,90.79270467137724,5.0,4.0,5.0,4.0,4.0,4.0,1.0,5.0,5.0,3.0,6.0,3.0,6.0,5.0698795210860315,9.806529151797292,3.950067875759795,5.907877601893576,6.051718756936976,4.885459730543269,1.0,50.0
P0724,50.0,M,Android,Beginner,1.0,13.812787473082096,2.0,1.0,4.0,5.0,4.0,4.0,5.0,2.0,5.0,3.0,3.0,3.0,6.0,16.80174482703571,12.014584408308329,3.950067875759795,5.917020506770214,5.1720140664957945,4.922578554042313,1.0,62.5
P0725,35.0,Unknown,Desktop,Intermediate,1.0,117.54146435564996,4.0,3.0,1.0,2.0,5.0,4.0,4.0,4.0,1.0,3.0,6.0,6.0,6.0,14.991992522752524,12.192388862429468,3.950067875759795,6.13923494385662,4.669162419615553,5.561088908082875,1.0,47.5
P0726,32.0,F,iOS,Beginner,0.0,219.77071261885828,4.0,4.0,5.0,2.0,4.0,5.0,3.0,5.0,1.0,3.0,4.0,4.0,5.0,7.488901134745163,13.094698748638844,8.895868370623042,4.349557661296528,3.664858610601903,5.1947139733386285,1.0,45.0
P0727,34.0,F,iOS,Beginner,1.0,4.686995824655753,4.0,3.0,2.0,1.0,4.0,5.0,4.0,4.0,5.0,5.0,3.0,5.0,6.0,14.064380824569476,9.857742421187872,3.950067875759795,5.907877601893576,6.683473558279345,5.401621973291371,1.0,52.5
P0728,38.0,M,Android,Intermediate,1.0,80.324501270723,4.0,3.0,5.0,5.0,5.0,5.0,3.0,3.0,5.0,3.0,5.0,4.0,6.0,11.264493201617782,7.935278767160779,5.653666605920078,5.929859729938727,6.180156401218741,5.969123522724134,1.0,57.5
P0729,37.0,M,iOS,Intermediate,1.0,63.1858801479027,2.0,4.0,3.0,1.0,1.0,4.0,2.0,5.0,4.0,5.0,4.0,6.0,5.0,21.0,15.753947744132889,3.950067875759795,6.74901518801909,6.024341265353454,3.5175223719073347,1.0,32.5
P0730,29.0,F,iOS,Beginner,1.0,50.95884585944963,3.0,4.0,4.0,4.0,5.0,5.0,5.0,4.0,4.0,3.0,6.0,3.0,5.0,4.378115505692648,9.982521935355985,3.950067875759795,6.0972861079366805,6.051718756936976,4.198379230001317,1.0,52.5
P0731,18.0,M,iOS,Beginner,1.0,42.82649304353648,4.0,5.0,4.0,5.0,5.0,5.0,1.0,2.0,4.0,1.0,5.0,5.0,6.0,5.894204583170219,5.045731158550113,1.6837813190723558,5.907877601893576,6.487145957536784,5.718154187534362,1.0,50.0
P0732,32.0,F,iOS,Intermediate,1.0,32.59869983110521,1.0,4.0,4.0,2.0,4.0,5.0,3.0,5.0,2.0,3.0,5.0,5.0,7.0,9.248290059936846,14.662558512180738,3.950067875759795,6.8236471680551345,6.721235521598974,3.603455414729164,1.0,37.5
P0733,23.0,F,Android,Intermediate,1.0,18.614806657697503,2.0,4.0,3.0,4.0,3.0,2.0,5.0,3.0,5.0,3.0,6.0,5.0,5.0,14.617770512961751,11.514002269096537,3.950067875759795,6.440855296164846,6.051718756936976,4.811415360880757,1.0,55.0
P0734,31.0,M,iOS,Advanced,0.0,24.990554871025125,5.0,5.0,5.0,2.0,3.0,3.0,5.0,3.0,1.0,3.0,6.0,5.0,5.0,21.0,11.969998131714217,10.879234016471235,4.58108407398395,5.696607311206025,4.923713826657072,1.0,57.5
P0735,23.0,Unknown,iOS,Intermediate,0.0,51.54571993987184,2.0,4.0,5.0,4.0,5.0,4.0,5.0,3.0,5.0,4.0,4.0,6.0,5.0,21.0,10.129335073168786,5.3453201387456755,2.0270668526918945,6.024805051416044,3.596756271955821,1.0,57.5
P0736,42.0,F,Android,Intermediate,1.0,22.692335794036516,4.0,4.0,5.0,5.0,4.0,5.0,3.0,1.0,3.0,4.0,4.0,4.0,5.0,5.749136927569897,6.715999107122802,3.950067875759795,6.643014497262188,6.051718756936976,3.820572884178434,1.0,50.0
P0737,18.0,M,Android,Advanced,1.0,32.41686834199276,5.0,2.0,4.0,5.0,3.0,4.0,3.0,4.0,2.0,4.0,7.0,5.0,6.0,8.312593174811461,10.984285410701307,4.849400361229829,5.907877601893576,5.78604709127125,5.321897792114559,1.0,45.0
P0738,19.0,M,Android,Intermediate,1.0,119.49729602678468,1.0,4.0,3.0,3.0,4.0,4.0,3.0,2.0,3.0,2.0,5.0,6.0,5.0,7.459725400156245,17.95608572951775,3.950067875759795,5.907877601893576,5.0942300233170865,2.8572039196671275,1.0,47.5
P0739,18.0,M,iOS,Beginner,1.0,43.45145279461898,4.0,5.0,4.0,2.0,4.0,3.0,1.0,3.0,4.0,4.0,5.0,7.0,5.0,5.523907980615419,11.51254408879727,3.950067875759795,6.416073289169452,5.936507987366701,4.556069071650623,1.0,50.0
P0740,57.0,Prefer not to say,Desktop,Advanced,1.0,25.95867934282372,2.0,3.0,3.0,4.0,2.0,3.0,4.0,3.0,4.0,4.0,4.0,6.0,3.0,21.0,21.0,3.950067875759795,5.941699276975928,6.618619789093613,4.570156388486226,1.0,45.0
P0742,32.0,M,iOS,Beginner,1.0,85.25675544656433,5.0,5.0,1.0,4.0,4.0,5.0,3.0,5.0,1.0,4.0,4.0,6.0,5.0,21.0,8.433647629369904,3.950067875759795,5.656636680977269,5.4150281747096045,2.8567686536780377,1.0,27.5
P0743,46.0,F,Desktop,Intermediate,1.0,6.106846947673953,4.0,4.0,4.0,3.0,5.0,5.0,3.0,4.0,4.0,3.0,6.0,4.0,6.0,8.725871366345245,5.497992246306301,3.950067875759795,5.907877601893576,6.889726760791893,5.264859406443848,1.0,52.5
P0744,28.0,F,iOS,Beginner,0.0,145.777898872066,3.0,5.0,3.0,5.0,4.0,3.0,5.0,5.0,2.0,3.0,4.0,6.0,5.0,7.36837866529187,7.566965164542846,6.8355890384541205,4.456355392429082,5.13335106206924,5.801373216996802,1.0,40.0
P0745,26.0,F,Android,Beginner,1.0,63.902749143678754,4.0,3.0,4.0,5.0,5.0,5.0,4.0,2.0,4.0,2.0,4.0,5.0,7.0,15.011335700253635,9.669606636122642,5.038591189887542,4.612167682743764,6.051718756936976,5.850518976376421,1.0,60.0
P0746,33.0,M,Desktop,Intermediate,1.0,98.16297848804,5.0,4.0,5.0,4.0,3.0,1.0,2.0,1.0,2.0,5.0,7.0,6.0,5.0,7.046597382132616,8.6416196733366,3.950067875759795,5.907877601893576,6.051718756936976,4.396598823945946,1.0,55.0
P0747,41.0,M,iOS,Advanced,1.0,23.19085216187396,1.0,2.0,5.0,4.0,5.0,3.0,4.0,3.0,5.0,3.0,5.0,4.0,6.0,10.820806831955965,6.574298729229056,16.0,6.972586632801073,6.783304011604628,3.6580391938492687,1.0,62.5
P0748,21.0,M,iOS,Advanced,1.0,71.34521443358722,5.0,3.0,5.0,1.0,3.0,4.0,4.0,5.0,5.0,4.0,5.0,5.0,6.0,21.0,17.014821411684736,3.950067875759795,6.65206359003586,6.051718756936976,6.633085441931554,1.0,62.5
P0749,59.0,F,iOS,Intermediate,1.0,81.17437444536111,5.0,3.0,3.0,5.0,4.0,1.0,4.0,4.0,4.0,4.0,5.0,4.0,7.0,6.525613666909192,5.986930515044737,3.950067875759795,5.907877601893576,6.727285512868815,6.19159194248107,1.0,57.5
P0751,43.0,M,Android,Intermediate,0.0,12.489892571420524,5.0,2.0,2.0,4.0,1.0,5.0,4.0,3.0,3.0,4.0,6.0,5.0,5.0,19.345114245026625,4.913513688812984,10.69721292868932,4.183973037940253,4.595770278407425,5.239107734524957,1.0,42.5
P0752,53.0,M,Android,Intermediate,1.0,65.97664683374113,3.0,5.0,1.0,4.0,1.0,4.0,4.0,5.0,2.0,5.0,5.0,6.0,6.0,5.822515893585115,19.273691384018743,3.950067875759795,6.841812274377592,5.708980888991439,5.1122751686038965,1.0,20.0
P0753,33.0,F,Android,Intermediate,1.0,45.8642392800667,5.0,3.0,5.0,4.0,5.0,5.0,2.0,5.0,2.0,1.0,4.0,5.0,4.0,21.0,8.264834329922842,12.643872940350835,5.907877601893576,6.662315537328907,6.107539611142407,1.0,52.5
P0755,24.0,F,Desktop,Advanced,0.0,160.8320668424147,3.0,5.0,5.0,3.0,4.0,5.0,2.0,3.0,5.0,4.0,6.0,5.0,4.0,10.191766744511526,21.0,11.319063470705553,4.035771584444511,4.454457563307866,5.32658059862962,1.0,47.5
P0756,29.0,M,iOS,Beginner,0.0,136.3257023693442,3.0,4.0,4.0,4.0,3.0,2.0,4.0,4.0,2.0,3.0,6.0,4.0,5.0,13.932248120942448,16.581155440812914,0.5181671265659963,5.770959762311589,5.669224805890108,4.220518925082373,1.0,47.5
P0757,22.0,M,Android,Advanced,1.0,219.77071261885828,4.0,4.0,2.0,4.0,3.0,3.0,3.0,3.0,4.0,3.0,5.0,4.0,5.0,9.294077029615536,12.440125164564096,16.0,5.907877601893576,6.751236988599855,5.6281874754036165,1.0,47.5
P0758,30.0,M,Desktop,Beginner,1.0,1.628056701138058,3.0,4.0,5.0,5.0,4.0,4.0,5.0,4.0,4.0,1.0,3.0,5.0,5.0,21.0,12.45569168987147,3.950067875759795,5.209385387768911,6.751076537114393,3.879140731899056,1.0,57.5
P0759,18.0,M,iOS,Beginner,1.0,62.330735921440315,2.0,5.0,4.0,4.0,4.0,5.0,4.0,3.0,5.0,5.0,5.0,7.0,5.0,21.0,2.969581856050995,3.950067875759795,6.379365448748475,5.392631592951408,3.1468107563966163,1.0,42.5
P0760,68.0,F,iOS,Intermediate,1.0,64.87270259201507,4.0,5.0,4.0,5.0,5.0,4.0,5.0,3.0,3.0,4.0,5.0,6.0,5.0,5.744318699256141,2.6646349788079955,11.030133729954848,6.924301875492954,6.051718756936976,4.792987572522436,1.0,50.0
P0761,43.0,F,Android,Intermediate,1.0,151.46353458689467,4.0,3.0,5.0,3.0,2.0,5.0,4.0,3.0,5.0,4.0,5.0,4.0,5.0,8.913723266006333,5.479871395960291,3.950067875759795,5.907877601893576,6.051718756936976,4.182349443794687,1.0,55.0
P0762,18.0,M,Desktop,Intermediate,1.0,6.5204735507227936,3.0,4.0,4.0,4.0,4.0,4.0,5.0,4.0,4.0,3.0,4.0,5.0,6.0,21.0,3.648822776906647,1.501865967614748,6.748553310284041,6.676068306982323,4.3384561186121395,1.0,52.5
P0763,35.0,F,Desktop,Beginner,1.0,200.2311771153916,2.0,4.0,4.0,2.0,4.0,3.0,3.0,2.0,3.0,5.0,6.0,5.0,5.0,16.599111707065322,7.8317154841559935,3.950067875759795,6.360563657545683,6.790061450912444,4.885574483261973,1.0,50.0
P0764,66.0,M,iOS,Intermediate,1.0,219.77071261885828,4.0,4.0,5.0,3.0,4.0,1.0,4.0,4.0,2.0,5.0,4.0,6.0,5.0,19.658883639834364,12.650645322538123,3.950067875759795,5.907877601893576,6.138915643577324,3.132777438470819,1.0,55.0
P0765,40.0,M,Android,Beginner,1.0,114.17416287050746,4.0,5.0,1.0,3.0,4.0,3.0,5.0,3.0,5.0,3.0,7.0,3.0,4.0,12.538127109981415,10.164259307868251,3.950067875759795,6.567077543047782,6.051718756936976,5.854920941841622,1.0,55.0
P0766,18.0,Prefer not to say,iOS,Advanced,1.0,219.77071261885828,2.0,5.0,4.0,5.0,4.0,5.0,3.0,2.0,4.0,3.0,5.0,6.0,6.0,12.095013293498267,9.54128431397102,2.556153155133183,5.729054305762298,6.051718756936976,3.7358441779333664,1.0,42.5
P0767,48.0,M,Android,Intermediate,1.0,59.539326024602694,4.0,5.0,5.0,2.0,5.0,2.0,4.0,4.0,1.0,3.0,7.0,4.0,4.0,9.258191632928392,11.917844326631707,3.950067875759795,5.907877601893576,5.348819413475578,6.061352694783632,1.0,57.5
P0768,49.0,M,iOS,Beginner,1.0,124.77937999871776,4.0,3.0,5.0,4.0,5.0,5.0,4.0,5.0,4.0,4.0,6.0,6.0,5.0,2.686346541811542,21.0,3.950067875759795,5.907877601893576,5.340950379146756,4.884992467574252,1.0,52.5
P0769,30.0,F,Android,Intermediate,1.0,126.00859493774612,5.0,5.0,4.0,1.0,5.0,2.0,5.0,3.0,4.0,4.0,4.0,7.0,5.0,5.8572985027100435,8.552849613272638,2.389158811902714,6.223464385219127,5.221023695573219,6.022901054767192,1.0,70.0
P0770,40.0,F,Desktop,Intermediate,0.0,88.56345941280046,5.0,3.0,4.0,4.0,5.0,4.0,5.0,3.0,4.0,5.0,5.0,5.0,7.0,6.500815990497267,8.147774911763028,0.8123074898548284,3.743351900054869,5.702716858897579,5.951393312376348,1.0,60.0
P0771,50.0,F,iOS,Intermediate,1.0,87.98351837057454,4.0,3.0,5.0,4.0,4.0,5.0,3.0,5.0,5.0,4.0,6.0,5.0,5.0,21.0,10.2938512425142,3.950067875759795,6.750299311834304,6.051718756936976,4.6987364816232216,1.0,50.0
P0772,44.0,M,iOS,Beginner,1.0,219.77071261885828,4.0,1.0,4.0,5.0,5.0,5.0,4.0,5.0,4.0,4.0,6.0,6.0,4.0,21.0,12.172002971928782,3.950067875759795,5.312872113234753,4.962406876435033,5.243004089256052,1.0,52.5
P0773,41.0,F,Desktop,Beginner,0.0,83.73128803265999,5.0,5.0,3.0,3.0,4.0,5.0,1.0,4.0,5.0,5.0,6.0,3.0,7.0,19.538090771661373,14.537829790886594,2.821189447620526,3.608806925809735,4.841399644165854,4.811415360880757,1.0,40.0
P0774,44.0,F,Android,Beginner,0.0,105.45000511667882,4.0,3.0,4.0,4.0,3.0,5.0,5.0,2.0,4.0,5.0,7.0,4.0,6.0,18.095324667981473,12.680644341433416,16.92219673361496,5.023819911050979,5.182470622545349,3.716383965147031,1.0,52.5
P0775,21.0,Other,iOS,Beginner,1.0,176.14493180543514,5.0,4.0,4.0,4.0,5.0,5.0,4.0,4.0,3.0,2.0,7.0,6.0,5.0,8.029815110515086,7.855239197990758,3.950067875759795,6.641788062734961,6.62481478866404,5.012109715295048,1.0,55.0
P0776,36.0,Other,Desktop,Beginner,1.0,219.77071261885828,5.0,2.0,4.0,5.0,4.0,5.0,1.0,4.0,1.0,3.0,6.0,3.0,5.0,12.728328867886054,10.129335073168786,3.7835717207056696,6.211562966540964,6.665742605155195,4.872150151106963,1.0,40.0
P0777,31.0,F,iOS,Unknown,1.0,219.77071261885828,2.0,1.0,4.0,2.0,5.0,4.0,4.0,4.0,5.0,5.0,5.0,5.0,5.0,20.69532951427114,8.420456055006184,3.950067875759795,6.385755497445521,6.051718756936976,5.272396696441085,1.0,60.0
P0778,35.0,F,Android,Beginner,1.0,82.26438482447732,4.0,4.0,3.0,5.0,5.0,5.0,4.0,5.0,2.0,5.0,6.0,5.0,6.0,9.9126296855717,21.0,2.720649634939056,5.096771402683263,6.051718756936976,6.302719579728006,1.0,35.0
P0779,23.0,Prefer not to say,Android,Intermediate,1.0,46.76435286150819,3.0,4.0,5.0,5.0,2.0,5.0,4.0,1.0,4.0,3.0,7.0,6.0,6.0,18.563933437075814,10.386343710644828,3.950067875759795,6.799108564928318,6.790917070716527,4.576073875278139,1.0,50.0
P0780,32.0,F,Unknown,Intermediate,1.0,37.10897284606964,4.0,4.0,5.0,2.0,4.0,4.0,5.0,4.0,5.0,4.0,5.0,4.0,5.0,14.17949618293391,8.956030624109001,3.950067875759795,5.907877601893576,5.653460257400807,5.4935345376517715,1.0,62.5
P0781,38.0,M,iOS,Advanced,0.0,32.25041690136779,5.0,4.0,5.0,5.0,5.0,5.0,4.0,3.0,3.0,4.0,5.0,5.0,7.0,12.262310458046551,8.78168161692702,11.025952432924488,3.810466088170463,5.368994922408805,5.30553791056564,1.0,52.5
P0782,43.0,M,iOS,Beginner,1.0,25.03214291326843,3.0,2.0,4.0,5.0,3.0,3.0,2.0,4.0,3.0,4.0,6.0,5.0,5.0,12.419411971563797,1.5588527350053676,3.950067875759795,5.907877601893576,6.981399482946191,5.597911542938558,1.0,42.5
P0783,24.0,F,Android,Intermediate,1.0,122.56261189442246,4.0,5.0,4.0,4.0,3.0,5.0,3.0,4.0,4.0,3.0,6.0,4.0,5.0,6.732961315075787,10.129335073168786,3.950067875759795,6.038211177535587,6.051718756936976,6.148712351791533,1.0,42.5
P0785,25.0,F,Android,Intermediate,1.0,108.51568276118398,5.0,4.0,4.0,5.0,5.0,5.0,4.0,4.0,4.0,2.0,7.0,6.0,6.0,10.448708082374052,14.294145295927375,3.950067875759795,4.479221136517024,6.008812905416252,3.125631906112564,1.0,55.0
P0786,29.0,M,Desktop,Beginner,1.0,90.08077307534926,4.0,3.0,3.0,5.0,4.0,4.0,3.0,3.0,5.0,3.0,4.0,4.0,5.0,7.319901802385275,3.497341278453025,3.950067875759795,5.907877601893576,5.257143545849255,5.82861621973635,1.0,52.5
P0787,28.0,M,Desktop,Intermediate,1.0,113.65554770240196,5.0,5.0,4.0,4.0,5.0,5.0,3.0,3.0,5.0,5.0,5.0,4.0,5.0,11.673294119395845,15.07751793337751,3.950067875759795,6.4867447054033285,6.051718756936976,5.188087791881736,1.0,50.0
P0788,29.0,M,Desktop,Beginner,1.0,143.60984014122494,4.0,5.0,3.0,4.0,2.0,5.0,4.0,4.0,2.0,2.0,7.0,5.0,6.0,18.755576022055216,21.0,3.950067875759795,6.377644970725942,6.051718756936976,3.5375258654201183,1.0,37.5
P0789,45.0,F,iOS,Beginner,1.0,74.23108614571196,1.0,5.0,3.0,5.0,4.0,3.0,2.0,2.0,5.0,2.0,7.0,3.0,5.0,21.0,11.011748098150816,7.117917155771185,5.907877601893576,5.935067420951755,4.774646326456993,1.0,45.0
P0791,34.0,F,Desktop,Beginner,1.0,26.300331284933147,1.0,5.0,4.0,5.0,4.0,4.0,3.0,5.0,4.0,3.0,3.0,7.0,3.0,21.0,10.129335073168786,3.950067875759795,6.055040140729142,6.925481995420666,3.8348154417435847,1.0,35.0
P0792,29.0,F,iOS,Intermediate,1.0,52.26666706028559,1.0,3.0,4.0,4.0,5.0,3.0,4.0,4.0,5.0,4.0,6.0,6.0,5.0,21.0,5.67881511106152,5.595209103180046,5.942451501970847,6.051718756936976,5.459045829269662,1.0,52.5
P0793,24.0,M,iOS,Beginner,0.0,39.03575544137563,3.0,4.0,3.0,3.0,3.0,5.0,5.0,5.0,5.0,4.0,6.0,5.0,4.0,21.0,11.199318088061135,2.3600845065440508,3.936484492740627,4.549239188723028,5.952619526964792,1.0,45.0
P0794,18.0,M,Android,Beginner,1.0,39.7021891321282,3.0,3.0,4.0,2.0,5.0,3.0,1.0,3.0,5.0,5.0,6.0,6.0,7.0,11.320722200322002,7.714677599982958,3.950067875759795,5.907877601893576,4.406495599361003,3.603639928733163,1.0,55.0
P0795,24.0,M,Unknown,Beginner,1.0,59.73397880934997,5.0,2.0,3.0,3.0,2.0,3.0,2.0,4.0,4.0,4.0,7.0,6.0,6.0,15.483125243683174,3.7274822376508223,3.950067875759795,5.907877601893576,6.693911385336831,6.128396031855882,1.0,50.0
P0797,26.0,F,Android,Beginner,1.0,111.87338200084456,3.0,5.0,2.0,3.0,5.0,5.0,5.0,4.0,4.0,5.0,5.0,5.0,6.0,21.0,9.036261170446998,3.950067875759795,5.907877601893576,6.245014464134496,4.272074958275077,1.0,42.5
P0798,31.0,Unknown,Android,Beginner,1.0,49.14448006782626,3.0,1.0,4.0,4.0,4.0,1.0,2.0,4.0,4.0,1.0,7.0,4.0,5.0,19.494567553996504,10.129335073168786,3.011380382989662,5.981802372887054,5.935644846625884,5.764384000180908,1.0,65.0
P0799,26.0,M,Android,Intermediate,1.0,219.77071261885828,3.0,4.0,4.0,1.0,5.0,5.0,5.0,5.0,5.0,5.0,6.0,4.0,5.0,10.52625737252354,9.432426759632383,1.5861889054471805,6.120174422782081,6.051718756936976,5.6937890728505725,1.0,55.0
P0800,35.0,Other,iOS,Intermediate,0.0,64.87270259201507,4.0,3.0,4.0,3.0,4.0,1.0,1.0,5.0,4.0,3.0,5.0,5.0,5.0,15.539616160829212,17.70629385814845,2.779279615422212,2.940752203668913,4.450861502625647,6.335336302672564,1.0,55.0
P0801,21.0,F,Android,Beginner,1.0,38.066946665259294,4.0,4.0,4.0,5.0,4.0,5.0,4.0,4.0,3.0,4.0,6.0,7.0,5.0,6.180757098778382,6.835996864986635,3.950067875759795,5.905539301249144,6.524345802576596,4.330621534183572,1.0,42.5
P0802,46.0,M,Android,Intermediate,1.0,151.5259225603693,4.0,4.0,4.0,4.0,3.0,1.0,5.0,4.0,3.0,5.0,6.0,4.0,6.0,21.0,7.511424908242243,3.950067875759795,5.907877601893576,6.946958179986774,5.894474134762884,1.0,52.5
P0803,28.0,F,Desktop,Beginner,1.0,21.38724741402745,4.0,5.0,3.0,5.0,3.0,2.0,4.0,4.0,3.0,5.0,5.0,6.0,5.0,21.0,21.0,3.950067875759795,5.738268929305713,6.490675316139276,4.902269951190983,1.0,40.0
P0804,41.0,F,iOS,Beginner,1.0,138.5965366215048,2.0,4.0,4.0,3.0,5.0,4.0,5.0,4.0,4.0,5.0,4.0,6.0,5.0,8.806803957170677,11.442851582676852,3.950067875759795,5.9775194874053925,5.781324155383946,5.10768941339477,1.0,50.0
P0805,34.0,M,iOS,Intermediate,1.0,55.48410943363898,4.0,4.0,4.0,2.0,5.0,5.0,4.0,5.0,3.0,2.0,6.0,5.0,5.0,7.316967813781535,4.042156030658036,2.5493726547350146,5.907877601893576,6.051718756936976,6.2185724341008015,1.0,55.0
P0806,34.0,F,Desktop,Intermediate,1.0,62.91371249942395,3.0,4.0,5.0,4.0,4.0,1.0,4.0,2.0,5.0,1.0,5.0,6.0,6.0,14.386301383507565,14.590166548743692,2.563299179378582,6.230698625278946,6.429613727384359,4.729678415352106,1.0,72.5
P0807,35.0,F,Android,Beginner,1.0,165.8576528805256,3.0,1.0,3.0,5.0,5.0,4.0,4.0,2.0,4.0,4.0,6.0,6.0,4.0,10.094528126063732,7.879901381146188,3.6083768653900705,6.7731175393757,6.051718756936976,5.808671692042299,1.0,57.5
P0808,36.0,F,Desktop,Advanced,1.0,209.7281820063021,2.0,3.0,4.0,4.0,2.0,5.0,2.0,5.0,4.0,5.0,6.0,4.0,7.0,21.0,13.806253688649525,3.950067875759795,5.389244648322976,5.959539594252057,5.149588770160089,1.0,30.0
P0809,29.0,Other,Desktop,Beginner,1.0,77.82206364827955,5.0,4.0,5.0,2.0,5.0,3.0,3.0,2.0,1.0,5.0,5.0,5.0,7.0,11.044852265083309,10.397005407774794,3.950067875759795,5.8628302835854464,5.959884510528946,5.335966538456891,1.0,57.5
P0811,64.0,F,iOS,Beginner,1.0,219.77071261885828,2.0,3.0,5.0,1.0,5.0,5.0,4.0,3.0,4.0,4.0,4.0,6.0,5.0,21.0,8.64900446639502,2.59088889231631,5.303855880624106,5.241493092673306,4.633092644956106,1.0,60.0
P0812,54.0,F,iOS,Beginner,1.0,5.5768951403745985,2.0,4.0,5.0,4.0,4.0,3.0,4.0,1.0,4.0,5.0,6.0,6.0,5.0,6.634783945110261,12.566636147925015,3.950067875759795,6.249603906976631,6.051718756936976,4.458403212217716,1.0,55.0
P0814,34.0,M,iOS,Advanced,1.0,219.77071261885828,3.0,3.0,5.0,4.0,5.0,2.0,5.0,5.0,3.0,5.0,7.0,5.0,7.0,18.938630750343854,11.268939260245842,3.808615434735824,5.597005575612069,6.051718756936976,3.6748391018307593,1.0,55.0
P0815,34.0,Other,Android,Intermediate,1.0,65.35488402189705,5.0,4.0,5.0,2.0,4.0,4.0,4.0,4.0,4.0,5.0,5.0,5.0,5.0,12.042724532239127,21.0,2.850941011605493,5.869032099905064,5.960702864040571,5.3629442473576105,1.0,57.5
P0816,29.0,F,iOS,Beginner,1.0,85.79692495061306,3.0,5.0,3.0,3.0,1.0,5.0,5.0,5.0,5.0,5.0,4.0,6.0,5.0,7.087217961170394,15.417507927915578,3.950067875759795,6.068201581959786,6.051718756936976,4.9956905408948336,1.0,35.0
P0817,35.0,M,iOS,Advanced,1.0,120.6361319892351,2.0,3.0,3.0,4.0,5.0,5.0,1.0,4.0,1.0,3.0,6.0,5.0,7.0,21.0,12.54089323949228,3.950067875759795,6.674360775404508,5.648372863668865,3.943720664076058,1.0,32.5
P0818,43.0,M,iOS,Advanced,1.0,41.53962301400907,3.0,4.0,4.0,3.0,4.0,5.0,4.0,4.0,4.0,4.0,3.0,5.0,7.0,21.0,17.78167528380746,3.7203269204085703,4.7328349827902,6.976413548144169,5.820225813951811,1.0,47.5
P0819,35.0,M,Android,Beginner,1.0,52.772901825950434,4.0,3.0,4.0,1.0,5.0,3.0,5.0,5.0,4.0,3.0,6.0,5.0,5.0,12.881769732503976,8.015131516240688,3.950067875759795,5.658539957176883,6.88976578471005,2.25165422845674,1.0,67.5
P0820,53.0,Other,iOS,Intermediate,1.0,104.56847164698458,5.0,4.0,4.0,4.0,5.0,5.0,3.0,3.0,3.0,5.0,5.0,5.0,6.0,21.0,9.476218004993498,3.950067875759795,6.6472928435420915,4.773517893266213,5.7885202340678905,1.0,47.5
P0822,43.0,F,Android,Intermediate,1.0,24.38872803369419,3.0,4.0,3.0,2.0,4.0,5.0,4.0,3.0,2.0,5.0,4.0,6.0,4.0,4.961319350307892,15.48529131117633,3.950067875759795,5.907877601893576,5.714234201705028,4.80605281498724,1.0,42.5
P0823,41.0,M,Android,Beginner,0.0,29.69226742883649,5.0,4.0,5.0,4.0,5.0,3.0,1.0,5.0,3.0,4.0,7.0,5.0,5.0,7.145123379322775,18.95482610188709,3.3394784068133405,3.91450431265401,4.705386110183225,4.272313614745361,1.0,47.5
P0824,46.0,F,Desktop,Intermediate,0.0,39.88730092689923,4.0,5.0,5.0,3.0,2.0,1.0,5.0,5.0,3.0,4.0,6.0,5.0,5.0,4.641265797284368,8.992637622978902,1.449442203865592,4.901959885552769,4.516396222289488,5.192778181188583,1.0,52.5
P0825,18.0,F,Android,Advanced,1.0,86.1290267141102,3.0,4.0,5.0,4.0,5.0,4.0,3.0,5.0,3.0,5.0,5.0,7.0,5.0,10.7550369938795,7.469484555618822,3.950067875759795,6.924680209711215,6.051718756936976,4.811415360880757,1.0,42.5
P0826,25.0,M,iOS,Beginner,1.0,33.594267161961056,3.0,4.0,4.0,4.0,4.0,3.0,5.0,4.0,5.0,2.0,6.0,5.0,5.0,13.170039769913725,11.820590348727269,2.4092240710910655,6.999522206716249,6.117874959462086,3.4424879052630444,1.0,60.0
P0827,24.0,M,iOS,Intermediate,1.0,106.83833111070858,4.0,2.0,1.0,4.0,5.0,5.0,5.0,3.0,4.0,4.0,4.0,4.0,5.0,8.697648023500951,7.910706282805768,3.950067875759795,5.724323604373757,5.254846961027031,5.127372109782463,1.0,52.5
P0828,36.0,M,Android,Intermediate,0.0,140.73191846092178,4.0,3.0,3.0,5.0,5.0,2.0,3.0,5.0,3.0,4.0,7.0,6.0,4.0,21.0,7.303293912493216,3.36513249574451,5.467904436732463,5.748626388948463,3.794785439045445,1.0,47.5
P0829,61.0,M,Android,Intermediate,1.0,33.22100761916059,3.0,5.0,5.0,3.0,2.0,5.0,5.0,4.0,3.0,5.0,6.0,5.0,3.0,13.845993791179977,5.357074787372419,3.950067875759795,6.168379077715932,4.768646645675903,3.882882318706719,1.0,40.0
P0830,26.0,M,Desktop,Beginner,1.0,24.43090028004897,4.0,3.0,3.0,4.0,5.0,2.0,2.0,5.0,2.0,4.0,4.0,6.0,5.0,11.720745133840778,5.989759556480126,3.739168388497921,6.67227991058731,6.051718756936976,4.142808470990756,1.0,45.0
P0831,32.0,M,Android,Beginner,1.0,160.999876641187,1.0,4.0,3.0,5.0,4.0,1.0,4.0,3.0,4.0,5.0,4.0,4.0,6.0,8.281091199924695,13.3336682647128,10.86553753276393,6.048036322094274,4.415838212633969,5.389182082277112,1.0,45.0
P0832,41.0,M,Android,Advanced,1.0,95.17897079391436,4.0,5.0,5.0,2.0,4.0,4.0,4.0,4.0,4.0,4.0,7.0,4.0,6.0,21.0,6.803170355996263,3.950067875759795,5.369068928284749,4.399080722935812,4.728705169264692,1.0,55.0
P0833,46.0,M,Android,Unknown,1.0,48.24202222971901,4.0,4.0,4.0,5.0,4.0,3.0,3.0,3.0,3.0,5.0,7.0,4.0,4.0,7.032572359033763,17.107931897137693,3.950067875759795,6.7900096427761305,6.045807650288338,5.2192091656444655,1.0,45.0
P0834,53.0,M,Desktop,Advanced,1.0,186.56832580895437,2.0,3.0,5.0,5.0,2.0,5.0,2.0,5.0,4.0,3.0,7.0,6.0,5.0,15.231031512945089,5.671873959158061,3.950067875759795,6.505387346530013,6.051718756936976,5.003245816742758,1.0,35.0
P0835,37.0,F,iOS,Intermediate,1.0,109.77017653526616,5.0,3.0,5.0,5.0,5.0,3.0,4.0,3.0,5.0,5.0,4.0,7.0,5.0,8.001351262142746,21.0,1.4804882238040058,6.324222456405356,6.051718756936976,3.610074344582444,1.0,62.5
P0836,27.0,F,Desktop,Intermediate,1.0,27.219888550115677,4.0,4.0,5.0,3.0,4.0,5.0,5.0,3.0,5.0,4.0,5.0,3.0,3.0,21.0,9.505311156249524,0.9386341366293376,5.907877601893576,6.051718756936976,3.330659171135155,1.0,60.0
P0837,35.0,M,iOS,Intermediate,1.0,96.31237352132908,4.0,1.0,1.0,5.0,2.0,4.0,3.0,3.0,4.0,3.0,6.0,5.0,6.0,9.852402505188804,7.206827382240595,3.950067875759795,5.167475806633819,6.051718756936976,3.885182298344355,1.0,45.0
P0838,36.0,M,Desktop,Beginner,0.0,209.89844757870736,3.0,5.0,2.0,5.0,4.0,4.0,4.0,4.0,3.0,5.0,5.0,3.0,6.0,11.772209016621405,12.195833304772266,3.744652242743636,5.032473021412938,6.0435069668228945,4.936423743050166,1.0,32.5
P0839,22.0,F,Android,Intermediate,1.0,96.0653058971869,2.0,4.0,5.0,5.0,4.0,5.0,1.0,4.0,3.0,4.0,7.0,5.0,5.0,9.738352487556014,14.959802587415696,3.950067875759795,5.907877601893576,6.051718756936976,3.281229145901789,1.0,32.5
P0840,24.0,M,iOS,Intermediate,1.0,185.55970140673895,3.0,3.0,2.0,5.0,5.0,5.0,2.0,5.0,4.0,5.0,7.0,4.0,4.0,10.878938836877264,4.599930311788309,3.950067875759795,6.243331632298463,6.9204358469619125,4.907149706751062,1.0,32.5
P0841,18.0,F,iOS,Intermediate,1.0,36.70340430736032,3.0,5.0,4.0,1.0,4.0,3.0,5.0,3.0,4.0,5.0,7.0,6.0,5.0,10.703389847645708,12.009189700297776,3.950067875759795,5.907877601893576,6.335602563155261,5.806133906060335,1.0,57.5
P0842,45.0,F,iOS,Intermediate,1.0,79.99403165046722,3.0,5.0,3.0,4.0,5.0,5.0,5.0,3.0,2.0,3.0,5.0,4.0,5.0,21.0,10.129335073168786,3.950067875759795,5.907877601893576,6.912397624886826,4.783060640407388,1.0,45.0
P0843,33.0,F,Android,Beginner,0.0,127.99149249693184,4.0,3.0,4.0,3.0,4.0,4.0,4.0,3.0,1.0,5.0,4.0,6.0,3.0,4.064081804794723,17.79409315348664,1.9482778149091144,5.130430637984295,5.733101517875201,5.89292900751493,1.0,47.5
P0844,47.0,M,iOS,Intermediate,0.0,70.19579245318432,2.0,4.0,4.0,5.0,5.0,4.0,5.0,4.0,2.0,4.0,5.0,5.0,6.0,5.434562810438454,9.539438674867624,21.0,4.70912890510657,5.932252330003944,5.227345211132297,1.0,42.5
P0845,18.0,F,iOS,Intermediate,1.0,32.51648950362944,4.0,1.0,4.0,3.0,4.0,3.0,4.0,4.0,3.0,5.0,6.0,4.0,6.0,14.307151429645485,4.516939262467867,3.950067875759795,6.754494147444088,6.159004713964281,3.3331522953062342,1.0,57.5
P0846,44.0,M,Android,Advanced,1.0,214.75513437208417,5.0,5.0,3.0,3.0,5.0,2.0,4.0,5.0,1.0,3.0,5.0,4.0,3.0,21.0,12.50712731881134,3.950067875759795,5.907877601893576,5.323000316226568,3.964847666635437,1.0,50.0
P0847,53.0,F,iOS,Intermediate,1.0,109.53449708243284,3.0,2.0,4.0,4.0,2.0,4.0,4.0,3.0,4.0,3.0,3.0,5.0,7.0,20.076466981636443,12.582945312408286,0.7552426680601894,6.9894322080696645,6.386613787984762,3.641901893104998,1.0,52.5
P0848,56.0,M,Android,Advanced,1.0,51.1366211337209,3.0,5.0,4.0,3.0,3.0,2.0,3.0,5.0,5.0,2.0,5.0,4.0,5.0,9.024259059547475,6.655726686860089,3.950067875759795,5.907877601893576,6.9565155965345,5.316155037481127,1.0,52.5
P0849,35.0,F,Desktop,Intermediate,1.0,161.89245357042122,4.0,2.0,5.0,2.0,4.0,2.0,4.0,4.0,1.0,2.0,6.0,6.0,5.0,15.921238878612256,6.575703539739961,3.950067875759795,5.907877601893576,6.051718756936976,4.257028910345583,1.0,65.0
P0850,19.0,M,iOS,Advanced,1.0,56.348048949974675,3.0,5.0,5.0,5.0,5.0,4.0,3.0,3.0,4.0,4.0,6.0,6.0,6.0,10.752970191770949,10.129335073168786,3.950067875759795,5.907877601893576,5.967712986225838,5.0717713276397935,1.0,47.5
P0851,34.0,F,iOS,Beginner,1.0,40.12181303384094,2.0,2.0,5.0,4.0,5.0,5.0,4.0,5.0,5.0,3.0,5.0,4.0,6.0,3.8907547176234183,6.5756876383056495,1.144246959101471,6.029383363452102,6.359839367359149,4.108708151139501,1.0,55.0
P0852,39.0,M,iOS,Beginner,0.0,80.71716767324318,3.0,3.0,3.0,4.0,3.0,3.0,5.0,3.0,4.0,4.0,6.0,3.0,7.0,10.418559878719178,12.974654711744298,3.950067875759795,4.55158574655891,5.902150285771525,5.031429874519316,1.0,52.5
P0853,38.0,M,Desktop,Intermediate,1.0,39.676869208723815,4.0,4.0,5.0,5.0,3.0,5.0,5.0,4.0,4.0,4.0,4.0,4.0,5.0,6.690795113276118,5.2527671585470195,5.194881819847975,6.938195295675842,6.975991400817401,3.953550766680458,1.0,47.5
P0855,37.0,F,Android,Beginner,1.0,67.44437752724029,5.0,5.0,3.0,3.0,5.0,4.0,5.0,5.0,5.0,2.0,7.0,6.0,6.0,19.416683355342577,4.880781339270708,3.950067875759795,6.241865403232015,6.871206800523813,4.811415360880757,1.0,60.0
P0857,32.0,M,iOS,Advanced,1.0,30.158715173123724,2.0,2.0,5.0,4.0,4.0,5.0,4.0,3.0,1.0,5.0,5.0,6.0,5.0,11.906350536046368,3.17284734377851,3.950067875759795,5.9385031827638315,6.6874226269169394,4.722583041448006,1.0,42.5
P0859,41.0,M,Android,Intermediate,0.0,12.719062997337067,4.0,4.0,2.0,5.0,2.0,4.0,5.0,4.0,4.0,5.0,5.0,5.0,3.0,11.933538902114696,21.0,2.2446237034031133,4.591144756215167,4.254750226822043,4.535388583049855,1.0,37.5
P0860,18.0,M,Android,Beginner,1.0,24.349431918795112,4.0,3.0,5.0,5.0,4.0,1.0,2.0,3.0,4.0,5.0,3.0,5.0,7.0,10.629109464238145,15.551539293102882,3.950067875759795,5.9708557869986505,5.692256085115784,5.461466618800445,1.0,55.0
P0861,49.0,M,iOS,Beginner,1.0,17.94434591455146,5.0,5.0,2.0,4.0,5.0,5.0,5.0,2.0,1.0,4.0,5.0,7.0,6.0,9.22155889298126,8.02895687876832,1.7219027291661284,5.907877601893576,5.719242578092027,4.153562358151518,1.0,45.0
P0862,26.0,F,Android,Intermediate,0.0,130.12662459291332,5.0,5.0,1.0,2.0,4.0,5.0,5.0,5.0,5.0,4.0,5.0,5.0,6.0,12.29780420205996,21.0,7.287436958816192,4.884790927391674,6.051718756936976,4.786972885294214,1.0,47.5
P0863,37.0,F,Desktop,Intermediate,1.0,14.543151932183768,5.0,4.0,5.0,5.0,4.0,1.0,4.0,4.0,1.0,2.0,6.0,5.0,4.0,21.0,9.539745630609774,3.53184933747891,5.849980662335892,6.235923508684542,2.5983499373531505,1.0,57.5
P0864,27.0,M,iOS,Beginner,1.0,219.77071261885828,4.0,4.0,5.0,4.0,5.0,4.0,1.0,5.0,3.0,4.0,4.0,4.0,3.0,9.125731626896997,10.380117033536653,3.950067875759795,5.907877601893576,4.305188931671742,6.1170532162714615,1.0,42.5
P0865,35.0,M,iOS,Intermediate,1.0,31.315402293608223,2.0,4.0,3.0,5.0,1.0,2.0,3.0,3.0,3.0,4.0,6.0,6.0,6.0,12.205644470098491,9.467495695097348,3.950067875759795,6.6775097930722325,6.051718756936976,5.812825436048916,1.0,35.0
P0867,28.0,F,iOS,Advanced,1.0,19.135524376546396,4.0,3.0,5.0,2.0,5.0,5.0,5.0,4.0,4.0,1.0,5.0,6.0,5.0,4.546514790082918,15.616568971967675,3.328380218875818,6.902588456263869,6.11974020515936,4.811415360880757,1.0,70.0
P0868,47.0,M,iOS,Beginner,1.0,51.91931880632987,3.0,3.0,5.0,4.0,3.0,2.0,4.0,2.0,4.0,5.0,5.0,4.0,6.0,7.051951626447852,14.243722875124885,3.950067875759795,6.882345771892659,6.051718756936976,5.364689305740176,1.0,57.5
P0869,47.0,F,iOS,Beginner,1.0,78.9981375330725,5.0,2.0,4.0,3.0,2.0,1.0,4.0,2.0,3.0,4.0,4.0,6.0,7.0,8.739357295220026,6.459847185549553,3.950067875759795,6.353913454207825,5.9652311259209805,5.056920025591631,1.0,65.0
P0870,32.0,M,iOS,Beginner,1.0,46.599799417377824,4.0,4.0,4.0,5.0,5.0,3.0,4.0,4.0,5.0,4.0,5.0,7.0,5.0,3.78214361815019,8.952320315034017,3.950067875759795,6.738629847951183,6.97095379768296,3.5461379860889073,1.0,55.0
P0872,38.0,M,Unknown,Beginner,1.0,51.537418457301186,5.0,4.0,4.0,4.0,2.0,4.0,2.0,5.0,4.0,5.0,6.0,4.0,5.0,21.0,13.423966922979254,3.950067875759795,6.84652504318154,6.839323006992797,2.7473685587544794,1.0,37.5
P0873,33.0,F,iOS,Beginner,1.0,61.90157282138022,3.0,1.0,5.0,4.0,5.0,4.0,4.0,4.0,4.0,2.0,3.0,4.0,4.0,5.876958845886028,6.191026349625592,3.950067875759795,4.41022794386959,6.670814783574238,3.2919350397084135,1.0,65.0
P0875,41.0,F,Desktop,Beginner,1.0,149.56993108899866,2.0,4.0,3.0,4.0,5.0,4.0,5.0,5.0,5.0,5.0,6.0,6.0,7.0,5.348296037285599,10.38347992768881,16.0,6.970188284671909,6.015703989415854,5.733867092506749,1.0,45.0
P0876,20.0,M,Android,Advanced,1.0,49.14970476998654,4.0,3.0,2.0,3.0,5.0,4.0,5.0,5.0,4.0,5.0,7.0,6.0,5.0,21.0,7.350720574904796,3.950067875759795,5.907877601893576,6.051718756936976,3.587610087534174,1.0,50.0
P0878,28.0,M,iOS,Advanced,1.0,174.17241217325585,4.0,4.0,5.0,4.0,5.0,1.0,5.0,5.0,4.0,5.0,5.0,5.0,5.0,21.0,21.0,2.873292502715131,6.707824707999621,6.534705561286896,5.90107651263128,1.0,60.0
P0879,35.0,F,Android,Beginner,0.0,219.77071261885828,4.0,5.0,4.0,2.0,5.0,4.0,1.0,3.0,2.0,4.0,6.0,5.0,3.0,3.1185763166254272,17.049724574556272,21.0,3.211375564507268,5.175025810295957,5.89640663925143,1.0,45.0
P0881,44.0,M,Android,Beginner,1.0,51.403123164291195,4.0,4.0,4.0,4.0,4.0,3.0,4.0,4.0,1.0,5.0,5.0,7.0,3.0,9.99427114995546,21.0,8.957632116041797,5.907877601893576,6.634971190880164,3.6523912857228726,1.0,42.5
P0882,23.0,Unknown,Android,Intermediate,1.0,41.451196955572705,5.0,5.0,4.0,3.0,3.0,4.0,1.0,4.0,5.0,3.0,7.0,4.0,6.0,17.459068245386593,8.211260393327688,3.950067875759795,5.907877601893576,5.021835475107938,5.16356516175332,1.0,47.5
P0883,33.0,F,Android,Intermediate,1.0,51.27785028967968,5.0,5.0,5.0,3.0,5.0,4.0,5.0,2.0,1.0,5.0,6.0,6.0,6.0,12.305611972165272,13.529077591527532,3.950067875759795,6.93206566361732,6.051718756936976,3.843308237580211,1.0,55.0
P0884,30.0,F,iOS,Advanced,1.0,64.87270259201507,4.0,5.0,2.0,5.0,1.0,5.0,2.0,4.0,4.0,5.0,6.0,5.0,6.0,14.54268646345587,15.17762684554419,1.7171727345538237,5.527259315636952,5.774446602974419,6.123244819469185,1.0,22.5
P0885,30.0,M,Android,Beginner,1.0,39.80427806665921,3.0,5.0,3.0,5.0,5.0,4.0,5.0,3.0,5.0,5.0,4.0,4.0,5.0,11.097534995071902,7.354977210592517,3.950067875759795,5.907877601893576,5.99943565317059,6.094492226718885,1.0,47.5
P0886,47.0,F,iOS,Advanced,1.0,12.319717594725647,4.0,4.0,4.0,4.0,3.0,1.0,5.0,4.0,4.0,5.0,3.0,5.0,3.0,7.966946947363621,14.162863596488624,3.950067875759795,5.907877601893576,6.1281865397695245,4.612237064272421,1.0,55.0
P0888,63.0,F,Android,Beginner,1.0,24.682599878527697,4.0,1.0,5.0,2.0,5.0,5.0,3.0,4.0,4.0,5.0,7.0,5.0,4.0,14.890573527006268,9.644881475265334,3.950067875759795,5.615770432213304,6.342519207692981,5.9186199662988646,1.0,60.0
P0889,50.0,M,iOS,Advanced,0.0,20.5563685721167,3.0,5.0,4.0,4.0,3.0,4.0,5.0,4.0,4.0,5.0,6.0,5.0,6.0,9.622314756399929,9.929693891573232,17.07108495065721,2.403178225056392,4.057067654583305,4.443812510056581,1.0,42.5
P0891,34.0,M,Android,Advanced,1.0,47.14358607619562,5.0,5.0,4.0,5.0,4.0,4.0,4.0,5.0,5.0,5.0,5.0,4.0,5.0,12.501969258042,19.51010089768039,7.077391516130644,6.496554435406729,6.136475692562812,3.0423698897647897,1.0,45.0
P0892,44.0,F,iOS,Intermediate,0.0,75.61963729357603,3.0,5.0,2.0,4.0,5.0,4.0,4.0,4.0,5.0,2.0,5.0,7.0,5.0,7.133023125284629,9.029154123917415,9.677381734038176,4.944726743525653,4.417339984930045,5.4803540431045406,1.0,50.0
P0893,49.0,F,Desktop,Intermediate,1.0,59.85090164918103,2.0,3.0,4.0,3.0,5.0,2.0,3.0,5.0,5.0,5.0,4.0,6.0,6.0,15.775421759302237,6.798859992282146,3.950067875759795,5.907877601893576,6.051718756936976,6.100755011214717,1.0,52.5
P0894,35.0,F,iOS,Intermediate,1.0,75.52609635090357,5.0,4.0,3.0,4.0,4.0,5.0,5.0,4.0,5.0,4.0,7.0,4.0,6.0,11.260988750168682,9.104751442639175,1.6604473364806438,5.824000125512167,6.152318109589861,3.9726461509121407,1.0,52.5
P0895,35.0,F,Desktop,Beginner,1.0,44.44111269622144,4.0,5.0,4.0,4.0,4.0,3.0,5.0,4.0,4.0,5.0,6.0,6.0,6.0,10.66258503082724,4.474179696530954,3.950067875759795,5.365684638245767,5.413677710920735,3.5882940995885426,1.0,50.0
P0896,35.0,Other,iOS,Advanced,0.0,43.79345039501727,5.0,3.0,3.0,2.0,4.0,5.0,4.0,3.0,5.0,2.0,4.0,3.0,7.0,21.0,21.0,8.084437401238208,5.500437741871895,4.939781605485694,5.310517516298006,1.0,65.0
P0898,37.0,M,Android,Beginner,1.0,64.87270259201507,5.0,3.0,4.0,4.0,3.0,2.0,4.0,4.0,5.0,5.0,7.0,6.0,4.0,14.46659777579975,10.190915366010662,3.950067875759795,5.907877601893576,6.371955895839747,4.408920317072765,1.0,57.5
P0899,35.0,F,iOS,Intermediate,0.0,80.33917255662004,5.0,1.0,3.0,5.0,4.0,4.0,4.0,3.0,4.0,5.0,6.0,5.0,5.0,20.66605835368613,9.605263872666075,1.5252253105352662,3.666523810043014,3.8287950932268577,5.323715036515457,1.0,55.0
P0900,35.0,F,iOS,Intermediate,0.0,78.56709574853889,4.0,4.0,4.0,1.0,3.0,5.0,5.0,5.0,5.0,5.0,5.0,6.0,4.0,19.917730688969257,8.368072103845293,0.7608315754099181,4.5194812189377025,6.117830689449362,5.4085153915459045,1.0,52.5
P0901,47.0,M,Desktop,Beginner,1.0,58.755810781888734,4.0,5.0,3.0,4.0,5.0,3.0,5.0,4.0,4.0,4.0,3.0,6.0,6.0,8.065115822340056,5.508669879823556,3.950067875759795,6.384123968012755,5.3633916313325045,5.265515943611026,1.0,52.5
P0902,18.0,F,Android,Intermediate,1.0,30.57154118781687,5.0,2.0,5.0,4.0,3.0,5.0,2.0,5.0,1.0,5.0,4.0,6.0,5.0,21.0,11.973018851002765,3.950067875759795,5.907877601893576,4.554362755384382,4.911687254124771,1.0,37.5
P0903,29.0,M,Android,Unknown,1.0,198.95750773156024,3.0,5.0,5.0,5.0,3.0,5.0,4.0,4.0,5.0,5.0,7.0,5.0,6.0,21.0,18.835919688317738,3.950067875759795,5.595816508861226,5.552563680606734,3.585695908999118,1.0,40.0
P0904,53.0,F,iOS,Intermediate,1.0,30.478104350664513,3.0,3.0,3.0,1.0,1.0,5.0,5.0,2.0,5.0,4.0,5.0,7.0,6.0,12.11275319378981,5.573657559851383,3.950067875759795,5.907877601893576,6.051718756936976,5.008859014406832,1.0,55.0
P0906,35.0,M,Desktop,Intermediate,1.0,36.60706524158352,5.0,5.0,4.0,4.0,4.0,5.0,3.0,1.0,1.0,5.0,6.0,5.0,4.0,10.066198339188572,10.848439960384985,3.950067875759795,5.888015786160716,6.051718756936976,4.100179565580172,1.0,42.5
P0907,54.0,M,iOS,Intermediate,1.0,159.63879669988103,5.0,5.0,5.0,2.0,4.0,4.0,4.0,4.0,4.0,4.0,5.0,5.0,4.0,15.032624994677642,15.387377138424174,2.307502642755929,5.839182888006958,6.598452752332172,5.812445730454621,1.0,57.5
P0909,41.0,M,iOS,Intermediate,1.0,74.87283221069939,5.0,3.0,1.0,2.0,4.0,5.0,4.0,4.0,5.0,4.0,6.0,6.0,4.0,5.528661341184328,21.0,3.950067875759795,5.907877601893576,6.051718756936976,4.624698634646257,1.0,52.5
P0911,23.0,F,iOS,Beginner,1.0,51.3568203868103,5.0,5.0,2.0,4.0,3.0,5.0,4.0,4.0,5.0,3.0,5.0,5.0,6.0,21.0,7.925388711555124,3.950067875759795,5.907877601893576,6.654833979053022,4.50351182030271,1.0,45.0
P0913,24.0,F,Android,Intermediate,1.0,27.716055701345635,2.0,4.0,4.0,5.0,2.0,4.0,4.0,5.0,5.0,2.0,5.0,6.0,7.0,8.01882392107647,15.59580955747388,3.950067875759795,6.800988213327183,6.870049187090991,5.423475025576781,1.0,42.5
P0914,18.0,M,iOS,Intermediate,0.0,43.070347946216515,3.0,4.0,2.0,4.0,5.0,4.0,5.0,5.0,3.0,2.0,5.0,7.0,5.0,4.871640288666592,13.001413932249566,3.9989584627785058,5.159446174252279,4.33333316719565,4.60005231673205,1.0,47.5
P0915,23.0,F,iOS,Beginner,1.0,219.77071261885828,4.0,5.0,1.0,3.0,4.0,4.0,4.0,3.0,3.0,4.0,4.0,6.0,4.0,21.0,6.838978392913295,3.950067875759795,5.504128932329308,6.186033997135573,4.841385728299809,1.0,42.5
P0916,34.0,F,Desktop,Intermediate,1.0,22.85780086455224,3.0,3.0,4.0,4.0,4.0,4.0,4.0,4.0,5.0,4.0,4.0,6.0,6.0,21.0,11.693479198059793,0.7896565115372987,5.721056226311406,4.424074500089611,4.530320269901408,1.0,52.5
P0917,52.0,M,iOS,Intermediate,1.0,29.422492230669548,1.0,5.0,3.0,3.0,4.0,1.0,5.0,3.0,4.0,3.0,6.0,6.0,5.0,6.4507029095645985,16.972404659456803,3.2075145845275905,4.460060077113445,4.358648778765965,5.682267217936975,1.0,55.0
P0919,19.0,F,Android,Intermediate,1.0,86.96981764500782,3.0,5.0,4.0,4.0,4.0,5.0,4.0,5.0,5.0,3.0,6.0,6.0,6.0,14.33392655379522,13.182159654960394,3.950067875759795,5.907877601893576,6.7397094084505484,3.561563928537012,1.0,45.0
P0920,38.0,M,Android,Intermediate,1.0,13.490590850562608,4.0,4.0,4.0,2.0,5.0,3.0,4.0,4.0,4.0,3.0,5.0,6.0,3.0,10.492701661929084,8.202015155928644,3.950067875759795,6.151173347336089,3.5338308909295932,3.333088568868428,1.0,62.5
P0922,26.0,F,iOS,Intermediate,1.0,53.78032903662324,5.0,4.0,3.0,4.0,4.0,3.0,3.0,5.0,5.0,3.0,6.0,5.0,5.0,8.695823416237745,20.1525183909198,3.950067875759795,5.060087548594685,5.514614320429637,3.95069552895143,1.0,52.5
P0923,48.0,F,Android,Advanced,1.0,22.189333242392394,5.0,4.0,5.0,2.0,4.0,3.0,4.0,4.0,2.0,4.0,7.0,5.0,5.0,5.159395074998452,18.681517913313296,3.950067875759795,6.69710122873893,5.813517774962587,3.4240606005525183,1.0,57.5
P0924,18.0,M,iOS,Intermediate,1.0,28.32346193781045,4.0,5.0,5.0,3.0,3.0,3.0,4.0,4.0,5.0,4.0,5.0,6.0,6.0,21.0,13.23977915840931,16.0,6.690726209029548,5.898383838518998,4.873545598184534,1.0,55.0
P0925,62.0,F,iOS,Advanced,1.0,56.74812973894212,4.0,3.0,3.0,2.0,4.0,3.0,4.0,4.0,3.0,4.0,5.0,4.0,7.0,16.851536826643336,7.155763236753633,3.950067875759795,6.697662559463971,6.544687867608481,4.338386757829683,1.0,55.0
P0926,21.0,M,Desktop,Intermediate,1.0,40.43471327349557,4.0,2.0,2.0,4.0,4.0,1.0,4.0,4.0,5.0,5.0,4.0,6.0,5.0,8.03727532180745,9.740536616005476,3.950067875759795,5.907877601893576,6.132617166028664,6.338015669846241,1.0,57.5
P0928,63.0,M,Android,Intermediate,1.0,82.73696176972936,2.0,5.0,3.0,4.0,3.0,3.0,4.0,4.0,5.0,5.0,3.0,5.0,5.0,2.461156198567988,4.049341169470378,3.950067875759795,5.907877601893576,6.051718756936976,3.2080397707015083,1.0,40.0
P0929,45.0,M,iOS,Advanced,0.0,28.85542223572674,5.0,4.0,5.0,3.0,5.0,3.0,5.0,4.0,5.0,5.0,5.0,6.0,6.0,21.0,21.0,3.9170486630368666,5.208322309273402,4.492713839795801,2.7594342249137123,1.0,65.0
P0930,39.0,M,iOS,Beginner,1.0,60.82334059544283,3.0,4.0,4.0,5.0,2.0,5.0,4.0,1.0,3.0,4.0,5.0,7.0,5.0,16.599205788857283,10.289613649492042,3.950067875759795,4.90915650451361,6.397371605700107,6.379810151808437,1.0,42.5
P0932,18.0,M,iOS,Advanced,1.0,166.57556143239125,5.0,5.0,3.0,1.0,5.0,4.0,4.0,5.0,5.0,4.0,7.0,6.0,4.0,21.0,13.35626870007547,0.9975278810173708,5.907877601893576,6.051718756936976,4.390986242278518,1.0,57.5
P0933,22.0,Prefer not to say,Android,Intermediate,1.0,21.335206169580143,4.0,2.0,5.0,5.0,5.0,4.0,4.0,5.0,5.0,3.0,6.0,4.0,6.0,9.87603111248157,6.610288611347087,3.950067875759795,6.513349108696438,6.41363851213479,6.139589237828743,1.0,60.0
P0934,46.0,M,iOS,Advanced,1.0,82.41012922263255,3.0,3.0,4.0,5.0,5.0,3.0,5.0,4.0,4.0,4.0,7.0,4.0,5.0,17.47533825112249,12.180313100384192,3.950067875759795,5.907877601893576,6.069521644841971,5.501315654972984,1.0,55.0
P0935,31.0,F,iOS,Intermediate,1.0,44.408735998490954,4.0,5.0,5.0,3.0,2.0,5.0,5.0,5.0,3.0,4.0,5.0,7.0,5.0,21.0,16.23313443716832,3.950067875759795,5.907877601893576,6.5826334253559216,5.841483934131736,1.0,42.5
P0936,31.0,F,iOS,Intermediate,1.0,67.60869897335708,4.0,2.0,4.0,5.0,3.0,1.0,5.0,5.0,5.0,4.0,5.0,5.0,5.0,10.819766843526004,5.1189775300290705,10.133595882933202,6.6956622682652105,6.633534786877883,4.008464055783833,1.0,60.0
P0937,32.0,M,iOS,Intermediate,1.0,41.9816040069657,5.0,4.0,4.0,4.0,5.0,5.0,4.0,2.0,1.0,5.0,6.0,4.0,4.0,16.56414017041364,4.822849562946743,3.950067875759795,6.7001716148180845,6.466942726726172,3.7802690139622706,1.0,47.5
P0938,18.0,F,iOS,Advanced,1.0,64.87270259201507,4.0,3.0,5.0,3.0,5.0,4.0,5.0,2.0,3.0,3.0,4.0,5.0,4.0,21.0,9.313999602425415,3.950067875759795,6.387353338053742,6.173615006008084,5.51302129925652,1.0,67.5
P0939,18.0,M,iOS,Intermediate,0.0,56.843762177182626,3.0,5.0,4.0,5.0,1.0,4.0,3.0,3.0,4.0,5.0,5.0,6.0,4.0,9.2147771721941,10.129335073168786,9.029006897335991,2.6295592835921284,3.59924143361928,3.968860778536178,1.0,32.5
P0940,32.0,F,Desktop,Advanced,1.0,75.06174307262856,1.0,1.0,1.0,5.0,3.0,4.0,4.0,4.0,4.0,4.0,4.0,6.0,4.0,15.42534848325883,6.749953375610287,3.950067875759795,4.958610174335411,4.90681140831164,3.803678542721333,1.0,37.5
P0941,50.0,M,Desktop,Advanced,1.0,219.77071261885828,3.0,4.0,3.0,5.0,5.0,5.0,4.0,3.0,4.0,4.0,5.0,3.0,6.0,11.891455561376324,8.318559500990055,3.950067875759795,3.884879626657355,5.520015042151764,3.9596606427795944,1.0,45.0
P0942,19.0,F,Android,Beginner,1.0,43.80944323544069,1.0,5.0,5.0,3.0,4.0,4.0,5.0,2.0,5.0,3.0,4.0,3.0,5.0,7.29100331144665,5.903510299291333,0.8053156214190587,5.074596646745203,5.6440312644826225,4.525649934270403,1.0,57.5
P0943,18.0,M,iOS,Intermediate,1.0,199.92773972505495,4.0,4.0,4.0,5.0,5.0,5.0,2.0,2.0,3.0,5.0,4.0,4.0,4.0,12.479249440102182,7.0719173482606665,4.170327174335322,5.907877601893576,5.126671704042003,6.210859564453626,1.0,42.5
P0944,18.0,F,Android,Beginner,0.0,144.65183231614918,4.0,1.0,2.0,4.0,5.0,2.0,2.0,4.0,2.0,4.0,6.0,5.0,4.0,12.237482894230803,20.06493498274423,5.448740533537457,3.680964913662705,5.353438572260686,5.2546431234059,1.0,50.0
P0945,34.0,M,Android,Intermediate,1.0,25.336040038370182,5.0,4.0,1.0,5.0,5.0,3.0,5.0,5.0,5.0,5.0,5.0,6.0,6.0,5.669224960945198,8.328854509217683,3.950067875759795,5.573848962481069,6.543249380775409,5.461335711447996,1.0,47.5
P0946,26.0,F,Android,Beginner,0.0,108.15035788958188,5.0,4.0,5.0,3.0,5.0,5.0,3.0,5.0,4.0,5.0,5.0,4.0,4.0,15.478636835275696,6.620889706631055,8.849896765142365,4.63872472385387,4.9820732605035465,3.4170053346676235,1.0,50.0
P0948,42.0,M,iOS,Beginner,1.0,19.67275384582212,5.0,2.0,5.0,4.0,2.0,4.0,4.0,5.0,5.0,5.0,5.0,5.0,6.0,10.680068361065793,13.70820517831319,8.946219445256904,6.630553177740145,5.475401068128519,3.7252504130501207,1.0,52.5
P0949,23.0,M,Android,Intermediate,1.0,2.495532024907121,3.0,2.0,4.0,5.0,5.0,5.0,4.0,4.0,2.0,3.0,5.0,6.0,7.0,16.77642599698783,13.49100329380557,3.950067875759795,5.907877601893576,6.051718756936976,5.318476219954254,1.0,47.5
P0950,29.0,M,iOS,Intermediate,1.0,121.45402108688494,5.0,4.0,4.0,4.0,4.0,4.0,1.0,2.0,1.0,4.0,4.0,5.0,6.0,17.149497513844278,6.677302216725796,3.950067875759795,5.907877601893576,6.813534574101155,4.823835737613132,1.0,42.5
P0951,33.0,M,iOS,Beginner,1.0,30.224538683221898,5.0,2.0,4.0,3.0,4.0,2.0,5.0,5.0,1.0,2.0,4.0,5.0,6.0,13.09417579808173,17.882214651222867,3.950067875759795,6.4836810040083765,6.21651643629283,4.696093934015635,1.0,62.5
P0952,20.0,M,iOS,Beginner,1.0,51.45997328534173,5.0,4.0,2.0,4.0,1.0,4.0,4.0,3.0,3.0,3.0,6.0,3.0,5.0,14.06949216817344,9.69332605761585,3.950067875759795,5.907877601893576,6.051718756936976,5.3374110023542,1.0,42.5
P0953,44.0,M,iOS,Beginner,1.0,14.582625123984664,4.0,5.0,5.0,4.0,5.0,5.0,5.0,3.0,5.0,4.0,7.0,6.0,5.0,12.97840246643658,21.0,3.950067875759795,5.632494990266992,6.269110587262466,5.270889524370252,1.0,57.5
P0954,51.0,F,iOS,Beginner,1.0,219.77071261885828,3.0,4.0,4.0,5.0,4.0,2.0,4.0,3.0,4.0,5.0,5.0,3.0,5.0,21.0,5.921019029336972,0.8224690232862866,6.327963549082348,6.051718756936976,5.307798082624941,1.0,50.0
P0955,48.0,F,Android,Beginner,1.0,68.99200029497703,5.0,5.0,4.0,3.0,5.0,5.0,5.0,4.0,4.0,3.0,7.0,6.0,4.0,21.0,5.130431697950872,0.911945318981239,6.430394725936739,6.521114627576969,5.256407532713169,1.0,57.5
P0956,37.0,M,iOS,Advanced,1.0,53.67778116578549,5.0,5.0,4.0,5.0,5.0,5.0,4.0,5.0,4.0,3.0,6.0,6.0,4.0,21.0,10.363856753536814,3.950067875759795,5.908867475797665,5.171537119059209,4.1344931801187155,1.0,47.5
P0957,21.0,F,Android,Intermediate,1.0,54.89906842500712,1.0,1.0,2.0,4.0,1.0,5.0,5.0,5.0,4.0,4.0,6.0,4.0,4.0,11.479288963974929,21.0,3.950067875759795,5.907877601893576,5.418480519644879,3.4126543538884446,1.0,35.0
P0958,45.0,M,iOS,Beginner,1.0,96.72686639463858,3.0,2.0,4.0,4.0,5.0,3.0,1.0,1.0,5.0,4.0,6.0,6.0,6.0,11.867203877827643,16.716760736703915,2.7444817988216172,6.584803365180768,5.864981108480992,5.900905080680777,1.0,60.0
P0959,21.0,F,iOS,Advanced,1.0,32.174192861218245,5.0,4.0,3.0,3.0,1.0,5.0,1.0,4.0,4.0,4.0,6.0,6.0,4.0,15.447442927047549,13.748855680957044,2.6928620747485743,6.898502778555157,6.181894779670301,3.368771988948315,1.0,35.0
P0960,35.0,M,iOS,Beginner,1.0,1.730925606009141,3.0,4.0,3.0,4.0,3.0,4.0,2.0,4.0,4.0,4.0,4.0,6.0,5.0,21.0,15.337712057997926,6.929365272816616,3.817486106838011,6.403901669572086,6.562720821343816,1.0,37.5
P0961,26.0,M,iOS,Advanced,1.0,77.75957167525809,3.0,3.0,4.0,5.0,4.0,5.0,5.0,4.0,4.0,4.0,5.0,6.0,6.0,21.0,20.471706706059788,0.7642516123550127,6.2400837115169505,6.30451628317566,3.9362638583128833,1.0,47.5
P0962,56.0,M,Desktop,Intermediate,1.0,62.29445389819577,3.0,2.0,3.0,4.0,4.0,3.0,3.0,1.0,2.0,4.0,6.0,4.0,6.0,15.308295564964274,16.127521585717414,3.950067875759795,5.337923830871295,6.066713766891023,4.79496070204957,1.0,52.5
P0963,27.0,M,iOS,Advanced,1.0,219.77071261885828,5.0,2.0,3.0,4.0,5.0,2.0,4.0,5.0,4.0,5.0,6.0,5.0,4.0,9.488099951300688,8.206727715607233,3.950067875759795,5.907877601893576,5.369121054582498,5.995322486642599,1.0,57.5
P0964,43.0,M,iOS,Beginner,1.0,77.90883073022184,5.0,2.0,4.0,4.0,4.0,5.0,2.0,3.0,4.0,4.0,4.0,4.0,4.0,11.978292703672206,8.154323121990638,7.371624519104827,4.7799986413859035,4.961821434559944,4.516138455423122,1.0,52.5
P0965,50.0,F,iOS,Beginner,1.0,88.93162242971746,2.0,4.0,5.0,5.0,2.0,2.0,3.0,3.0,4.0,3.0,4.0,4.0,5.0,6.610447940263052,21.0,3.950067875759795,5.537941524029897,6.543227106585782,4.6231616412503485,1.0,47.5
P0966,18.0,F,iOS,Intermediate,1.0,35.070528214039086,5.0,4.0,4.0,4.0,5.0,5.0,4.0,4.0,4.0,4.0,7.0,6.0,5.0,12.53654127240349,8.881747849955714,3.950067875759795,4.7448745622895725,6.3999881032151125,3.027385964617535,1.0,52.5
P0967,42.0,M,iOS,Advanced,1.0,183.77540694490503,5.0,5.0,2.0,3.0,3.0,5.0,3.0,2.0,5.0,4.0,5.0,6.0,7.0,11.097356232168446,10.912219086358796,3.950067875759795,5.077395303911148,6.051718756936976,5.606245215746111,1.0,47.5
P0968,30.0,M,iOS,Intermediate,1.0,57.5769769470399,1.0,1.0,3.0,4.0,5.0,4.0,3.0,4.0,4.0,5.0,6.0,5.0,6.0,11.068326686456215,8.554913692875207,11.447070955890815,5.907877601893576,6.554617523999708,5.770282666950262,1.0,45.0
P0969,36.0,F,Android,Advanced,1.0,75.29449018905721,4.0,4.0,4.0,4.0,5.0,1.0,5.0,5.0,5.0,5.0,6.0,3.0,5.0,10.552490032913074,9.14424802134778,3.950067875759795,5.907877601893576,4.818213233727944,4.0526015215228,1.0,60.0
P0970,44.0,M,iOS,Intermediate,1.0,103.70929312475135,4.0,4.0,4.0,5.0,4.0,5.0,3.0,4.0,4.0,4.0,6.0,7.0,4.0,5.6492303722392,12.09052991515998,3.950067875759795,5.761297503492824,4.908707389881486,4.746740655581962,1.0,42.5
P0972,38.0,M,Android,Beginner,1.0,48.84114791564047,4.0,3.0,5.0,4.0,2.0,5.0,4.0,5.0,4.0,4.0,5.0,5.0,5.0,14.290869301752643,14.555239782293397,3.950067875759795,6.536253243810992,5.215996229071745,4.954645755823396,1.0,45.0
P0973,37.0,F,Desktop,Beginner,1.0,13.10456978348452,5.0,4.0,5.0,4.0,4.0,4.0,3.0,2.0,4.0,5.0,4.0,3.0,3.0,15.217758798236686,12.203990215275326,15.309442092440936,5.907877601893576,4.767510983591058,3.395705154636725,1.0,55.0
P0975,48.0,F,iOS,Advanced,1.0,98.01688614854956,3.0,2.0,4.0,5.0,4.0,4.0,5.0,4.0,5.0,4.0,5.0,4.0,5.0,15.486726971172622,13.36653711772684,3.950067875759795,5.907877601893576,6.512778765520334,3.740907425335158,1.0,55.0
P0976,60.0,F,Android,Intermediate,1.0,28.368478678782925,4.0,4.0,5.0,4.0,4.0,4.0,3.0,5.0,3.0,4.0,5.0,7.0,4.0,14.538387809363847,13.739030281910123,3.950067875759795,5.907877601893576,6.155953951545146,3.5090811133535125,1.0,45.0
P0977,60.0,F,iOS,Intermediate,1.0,73.2902061805438,4.0,4.0,2.0,4.0,3.0,3.0,3.0,5.0,4.0,2.0,6.0,6.0,6.0,7.991330237528105,7.548307080909903,0.2542057278429208,6.732615490236226,5.536543655910942,4.434520632034248,1.0,45.0
P0978,40.0,F,Desktop,Intermediate,1.0,14.848825281417437,2.0,1.0,5.0,4.0,4.0,4.0,2.0,5.0,5.0,3.0,6.0,5.0,6.0,21.0,8.27245518074676,3.950067875759795,5.539459038273549,6.067766057447147,5.423660193572367,1.0,52.5
P0979,39.0,M,iOS,Advanced,1.0,131.25962818857406,4.0,3.0,5.0,1.0,5.0,4.0,3.0,1.0,4.0,4.0,4.0,6.0,5.0,7.694545739062368,14.832701979938603,13.120656000527273,5.907877601893576,6.813083668036504,4.116442837758145,1.0,70.0
P0980,18.0,F,Desktop,Advanced,1.0,44.82854201989701,1.0,5.0,5.0,3.0,3.0,4.0,5.0,3.0,4.0,5.0,5.0,6.0,4.0,16.986281520934895,10.9699049812781,2.004437588355846,5.907877601893576,6.327916114421002,4.3801438255360186,1.0,45.0
P0981,37.0,F,Unknown,Intermediate,1.0,108.28147267313628,5.0,3.0,5.0,5.0,5.0,4.0,4.0,2.0,5.0,2.0,6.0,5.0,5.0,5.941322045636728,6.750395143293822,7.742685361078461,5.907877601893576,5.866051715859307,3.931392894709567,1.0,70.0
P0982,38.0,M,Android,Beginner,0.0,63.56920797238275,3.0,4.0,4.0,5.0,2.0,4.0,5.0,4.0,4.0,5.0,6.0,5.0,7.0,5.508113807973254,3.5638102992859313,1.9320890214662765,4.534348846533907,5.318400305087275,4.708468681886517,1.0,40.0
P0983,31.0,M,Android,Beginner,1.0,50.01690094237544,4.0,3.0,3.0,4.0,4.0,1.0,1.0,4.0,4.0,4.0,6.0,5.0,4.0,16.689837081730136,7.199849118562188,7.061438568857877,5.844055380088503,6.5469190307466265,6.14401959781623,1.0,50.0
P0984,33.0,M,Desktop,Intermediate,1.0,34.96720546776631,4.0,5.0,4.0,3.0,4.0,4.0,2.0,4.0,2.0,5.0,5.0,6.0,6.0,6.410896379178635,16.424715088180786,3.950067875759795,5.764805958175738,6.051718756936976,4.9136388152492865,1.0,37.5
P0986,35.0,F,Android,Intermediate,1.0,77.23599972613326,5.0,4.0,3.0,4.0,5.0,4.0,5.0,5.0,3.0,5.0,6.0,6.0,7.0,21.0,5.871393148670295,3.950067875759795,5.907877601893576,6.619085951766404,4.811415360880757,1.0,47.5
P0987,54.0,F,Android,Advanced,1.0,161.89824744203386,4.0,4.0,1.0,4.0,4.0,4.0,5.0,5.0,5.0,2.0,6.0,4.0,6.0,8.607493486342554,12.652805646592856,9.534002907776287,5.907877601893576,6.051718756936976,6.0181099727912,1.0,50.0
P0988,35.0,F,iOS,Intermediate,0.0,47.29554200676128,2.0,5.0,4.0,5.0,4.0,4.0,5.0,3.0,4.0,5.0,5.0,5.0,6.0,6.857620602717173,7.231547288363147,1.2078623861737063,4.435795173563481,5.434699138533219,5.4123202878471055,1.0,42.5
P0989,46.0,F,Android,Intermediate,0.0,56.64243095857683,5.0,4.0,4.0,4.0,4.0,4.0,4.0,5.0,5.0,5.0,4.0,4.0,5.0,14.657967798707068,6.063695226191259,3.317344565026948,5.67089974934892,3.4551123972549203,6.049201891076948,1.0,50.0
P0990,30.0,M,Android,Advanced,1.0,29.240463922071065,4.0,4.0,4.0,5.0,5.0,1.0,3.0,4.0,5.0,5.0,4.0,7.0,5.0,19.209982617988572,9.377478432018329,3.950067875759795,6.161155174736682,6.0725849514068955,5.210506096707048,1.0,55.0
P0992,37.0,Other,Desktop,Beginner,1.0,42.00240614152519,3.0,4.0,5.0,3.0,3.0,4.0,3.0,5.0,4.0,4.0,6.0,5.0,6.0,8.97394974955359,14.058316436765448,3.950067875759795,5.424696696653636,6.051718756936976,5.474966897360856,1.0,45.0
P0994,27.0,F,iOS,Intermediate,1.0,219.77071261885828,4.0,4.0,4.0,4.0,5.0,5.0,3.0,4.0,4.0,5.0,7.0,5.0,6.0,18.959528245437948,15.876650056517972,3.950067875759795,6.906580198827456,5.558224318635565,6.264827142175628,1.0,45.0
P0995,37.0,M,Android,Beginner,1.0,99.62810110948222,4.0,4.0,2.0,4.0,4.0,4.0,1.0,1.0,4.0,5.0,4.0,5.0,6.0,21.0,11.142622627576866,8.906613594168366,5.907877601893576,6.519341254886504,4.478431298355358,1.0,42.5
P0996,32.0,M,iOS,Intermediate,0.0,51.83168880741712,5.0,5.0,2.0,5.0,4.0,4.0,5.0,5.0,1.0,5.0,6.0,7.0,5.0,19.501390703074996,20.121074993542138,9.542580824009589,3.560583469788292,5.04378711515616,4.582717783034399,1.0,32.5
P0998,21.0,F,Android,Beginner,1.0,47.23822911255402,3.0,4.0,4.0,5.0,4.0,4.0,5.0,4.0,4.0,4.0,6.0,3.0,3.0,21.0,6.593944506270882,3.950067875759795,5.907877601893576,6.051718756936976,3.522211648613849,1.0,47.5
P0999,33.0,M,Desktop,Beginner,1.0,104.4557847224458,2.0,4.0,4.0,4.0,4.0,4.0,5.0,4.0,2.0,4.0,4.0,6.0,7.0,19.40226496834037,10.572235735898907,3.950067875759795,6.387172180016551,6.051718756936976,4.781894343169348,1.0,42.5
P1000,35.0,F,iOS,Advanced,1.0,71.7489141628653,2.0,4.0,4.0,2.0,5.0,4.0,4.0,3.0,5.0,2.0,5.0,4.0,5.0,14.493069904027136,16.984860604597294,3.950067875759795,6.460311340448278,4.335449946968959,5.838276721594763,1.0,62.5
